#
# There is insufficient memory for the Java Runtime Environment to continue.
# Native memory allocation (mmap) failed to map 76546048 bytes for G1 virtual space
# Possible reasons:
#   The system is out of physical RAM or swap space
#   The process is running with CompressedOops enabled, and the Java Heap may be blocking the growth of the native heap
# Possible solutions:
#   Reduce memory load on the system
#   Increase physical memory or swap space
#   Check if swap backing store is full
#   Decrease Java heap size (-Xmx/-Xms)
#   Decrease number of Java threads
#   Decrease Java thread stack sizes (-Xss)
#   Set larger code cache with -XX:ReservedCodeCacheSize=
#   JVM is running with Unscaled Compressed Oops mode in which the Java heap is
#     placed in the first 4GB address space. The Java Heap base address is the
#     maximum limit for the native heap growth. Please use -XX:HeapBaseMinAddress
#     to set the Java Heap base and to place the Java Heap above 4GB virtual address.
# This output file may be truncated or incomplete.
#
#  Out of Memory Error (os_windows.cpp:3825), pid=3452, tid=12032
#
# JRE version: OpenJDK Runtime Environment (17.0.9) (build 17.0.9+0--11185874)
# Java VM: OpenJDK 64-Bit Server VM (17.0.9+0--11185874, mixed mode, tiered, compressed oops, compressed class ptrs, g1 gc, windows-amd64)
# No core dump will be written. Minidumps are not enabled by default on client versions of Windows
#

---------------  S U M M A R Y ------------

Command Line: --add-opens=java.base/java.util=ALL-UNNAMED --add-opens=java.base/java.lang=ALL-UNNAMED --add-opens=java.base/java.lang.invoke=ALL-UNNAMED --add-opens=java.prefs/java.util.prefs=ALL-UNNAMED --add-opens=java.base/java.nio.charset=ALL-UNNAMED --add-opens=java.base/java.net=ALL-UNNAMED --add-opens=java.base/java.util.concurrent.atomic=ALL-UNNAMED -Xmx2048m -Dfile.encoding=UTF-8 -Duser.country=US -Duser.language=en -Duser.variant -javaagent:C:\Users\rayal\.gradle\wrapper\dists\gradle-8.4-bin\1w5dpkrfk8irigvoxmyhowfim\gradle-8.4\lib\agents\gradle-instrumentation-agent-8.4.jar org.gradle.launcher.daemon.bootstrap.GradleDaemon 8.4

Host: 11th Gen Intel(R) Core(TM) i3-1115G4 @ 3.00GHz, 4 cores, 7G,  Windows 11 , 64 bit Build 26100 (10.0.26100.7920)
Time: Wed Apr  1 21:43:19 2026 Malay Peninsula Standard Time elapsed time: 52.681176 seconds (0d 0h 0m 52s)

---------------  T H R E A D  ---------------

Current thread (0x0000020151c89ae0):  VMThread "VM Thread" [stack: 0x0000007383d00000,0x0000007383e00000] [id=12032]

Stack: [0x0000007383d00000,0x0000007383e00000]
Native frames: (J=compiled Java code, j=interpreted, Vv=VM code, C=native code)
V  [jvm.dll+0x6886e9]
V  [jvm.dll+0x841e4a]
V  [jvm.dll+0x843a8e]
V  [jvm.dll+0x8440f3]
V  [jvm.dll+0x24c14f]
V  [jvm.dll+0x685499]
V  [jvm.dll+0x679c2a]
V  [jvm.dll+0x30cf9b]
V  [jvm.dll+0x314446]
V  [jvm.dll+0x36425e]
V  [jvm.dll+0x36448f]
V  [jvm.dll+0x2e2d68]
V  [jvm.dll+0x2e5e56]
V  [jvm.dll+0x2f066a]
V  [jvm.dll+0x325610]
V  [jvm.dll+0x8487eb]
V  [jvm.dll+0x849531]
V  [jvm.dll+0x849a4d]
V  [jvm.dll+0x849e24]
V  [jvm.dll+0x849ef0]
V  [jvm.dll+0x7f06aa]
V  [jvm.dll+0x687565]
C  [ucrtbase.dll+0x37b0]
C  [KERNEL32.DLL+0x2e8d7]
C  [ntdll.dll+0x8c48c]

VM_Operation (0x00000073839ff9c0): G1PauseRemark, mode: safepoint, requested by thread 0x000002013891a420


---------------  P R O C E S S  ---------------

Threads class SMR info:
_java_thread_list=0x000002015813e4c0, length=97, elements={
0x00000201388aa100, 0x0000020151c51d10, 0x0000020156043f80, 0x0000020151c8e900,
0x000002015602efe0, 0x0000020156081390, 0x00000201560827d0, 0x00000201560859c0,
0x00000201560a14c0, 0x00000201560b8350, 0x00000201561eea40, 0x000002015639ef40,
0x0000020158782db0, 0x00000201578bb250, 0x000002015809ff40, 0x0000020158379020,
0x0000020158379500, 0x0000020157be7510, 0x00000201583097d0, 0x000002015834adc0,
0x000002015834b7e0, 0x0000020158348f60, 0x000002015834bcf0, 0x000002015834c200,
0x000002015834a3a0, 0x000002015834b2d0, 0x000002015834a8b0, 0x000002015834c710,
0x0000020158349980, 0x0000020158349e90, 0x00000201593ee670, 0x00000201593efab0,
0x00000201593eeb80, 0x00000201593ec300, 0x00000201593edc50, 0x00000201593ef5a0,
0x00000201593effc0, 0x00000201593ef090, 0x00000201593ed230, 0x00000201593ec810,
0x00000201593f04d0, 0x00000201593ee160, 0x00000201593f09e0, 0x00000201593f0ef0,
0x00000201593ed740, 0x00000201593f1910, 0x00000201581e65a0, 0x00000201581e6ab0,
0x00000201581e74d0, 0x00000201581e8e20, 0x00000201581e79e0, 0x00000201581e9330,
0x00000201581e6fc0, 0x00000201581e5b80, 0x00000201581e9840, 0x00000201581e6090,
0x00000201581ea770, 0x00000201581ecae0, 0x00000201581eb6a0, 0x00000201581ec5d0,
0x00000201581e9d50, 0x00000201581ebbb0, 0x00000201590f3fc0, 0x00000201590f3ab0,
0x00000201590f1230, 0x00000201590f0810, 0x00000201590f0d20, 0x00000201590f35a0,
0x00000201590f49e0, 0x00000201590f4ef0, 0x00000201590f1740, 0x00000201590f1c50,
0x00000201590f5910, 0x00000201590f2b80, 0x00000201590f6330, 0x00000201590f6840,
0x00000201590f6d50, 0x00000201590f7c80, 0x00000201590f7260, 0x00000201590f8190,
0x00000201590f7770, 0x00000201581ea260, 0x0000020159598de0, 0x000002015959bb70,
0x000002015959c080, 0x000002015959b660, 0x0000020159599800, 0x000002015959a730,
0x00000201595988d0, 0x0000020159599d10, 0x000002015959ac40, 0x000002015959c590,
0x000002015959caa0, 0x00000201595992f0, 0x000002015959f320, 0x000002015959ee10,
0x00000201562cedd0
}

Java Threads: ( => current thread )
  0x00000201388aa100 JavaThread "main" [_thread_blocked, id=11240, stack(0x0000007383700000,0x0000007383800000)]
  0x0000020151c51d10 JavaThread "Reference Handler" daemon [_thread_blocked, id=17472, stack(0x0000007383e00000,0x0000007383f00000)]
  0x0000020156043f80 JavaThread "Finalizer" daemon [_thread_blocked, id=20508, stack(0x0000007383f00000,0x0000007384000000)]
  0x0000020151c8e900 JavaThread "Signal Dispatcher" daemon [_thread_blocked, id=20476, stack(0x0000007384000000,0x0000007384100000)]
  0x000002015602efe0 JavaThread "Attach Listener" daemon [_thread_blocked, id=18076, stack(0x0000007384100000,0x0000007384200000)]
  0x0000020156081390 JavaThread "Service Thread" daemon [_thread_blocked, id=96, stack(0x0000007384200000,0x0000007384300000)]
  0x00000201560827d0 JavaThread "Monitor Deflation Thread" daemon [_thread_blocked, id=864, stack(0x0000007384300000,0x0000007384400000)]
  0x00000201560859c0 JavaThread "C2 CompilerThread0" daemon [_thread_blocked, id=22184, stack(0x0000007384400000,0x0000007384500000)]
  0x00000201560a14c0 JavaThread "C1 CompilerThread0" daemon [_thread_blocked, id=21524, stack(0x0000007384500000,0x0000007384600000)]
  0x00000201560b8350 JavaThread "Sweeper thread" daemon [_thread_blocked, id=15876, stack(0x0000007384600000,0x0000007384700000)]
  0x00000201561eea40 JavaThread "Common-Cleaner" daemon [_thread_blocked, id=20332, stack(0x0000007384700000,0x0000007384800000)]
  0x000002015639ef40 JavaThread "Notification Thread" daemon [_thread_blocked, id=19108, stack(0x0000007384800000,0x0000007384900000)]
  0x0000020158782db0 JavaThread "Daemon health stats" [_thread_blocked, id=15388, stack(0x0000007384e00000,0x0000007384f00000)]
  0x00000201578bb250 JavaThread "Incoming local TCP Connector on port 7273" [_thread_in_native, id=10504, stack(0x0000007384f00000,0x0000007385000000)]
  0x000002015809ff40 JavaThread "Daemon periodic checks" [_thread_blocked, id=1556, stack(0x0000007384a00000,0x0000007384b00000)]
  0x0000020158379020 JavaThread "Daemon" [_thread_blocked, id=7428, stack(0x0000007385000000,0x0000007385100000)]
  0x0000020158379500 JavaThread "Handler for socket connection from /127.0.0.1:7273 to /127.0.0.1:7274" [_thread_in_native, id=10308, stack(0x0000007385100000,0x0000007385200000)]
  0x0000020157be7510 JavaThread "Cancel handler" [_thread_blocked, id=16956, stack(0x0000007385200000,0x0000007385300000)]
  0x00000201583097d0 JavaThread "Daemon worker" [_thread_blocked, id=9324, stack(0x0000007385300000,0x0000007385400000)]
  0x000002015834adc0 JavaThread "Asynchronous log dispatcher for DefaultDaemonConnection: socket connection from /127.0.0.1:7273 to /127.0.0.1:7274" [_thread_blocked, id=18700, stack(0x0000007385400000,0x0000007385500000)]
  0x000002015834b7e0 JavaThread "Stdin handler" [_thread_blocked, id=21928, stack(0x0000007385500000,0x0000007385600000)]
  0x0000020158348f60 JavaThread "Daemon client event forwarder" [_thread_blocked, id=21748, stack(0x0000007385600000,0x0000007385700000)]
  0x000002015834bcf0 JavaThread "Cache worker for journal cache (C:\Users\rayal\.gradle\caches\journal-1)" [_thread_blocked, id=21256, stack(0x0000007385700000,0x0000007385800000)]
  0x000002015834c200 JavaThread "File lock request listener" [_thread_in_native, id=10800, stack(0x0000007385800000,0x0000007385900000)]
  0x000002015834a3a0 JavaThread "Cache worker for file hash cache (C:\Users\rayal\.gradle\caches\8.4\fileHashes)" [_thread_blocked, id=10776, stack(0x0000007385900000,0x0000007385a00000)]
  0x000002015834b2d0 JavaThread "File watcher server" daemon [_thread_blocked, id=10940, stack(0x0000007385b00000,0x0000007385c00000)]
  0x000002015834a8b0 JavaThread "File watcher consumer" daemon [_thread_blocked, id=22432, stack(0x0000007385c00000,0x0000007385d00000)]
  0x000002015834c710 JavaThread "Cache worker for checksums cache (D:\projects\IT342-Jaranilla-LoudWaveLive\mobile\.gradle\8.4\checksums)" [_thread_blocked, id=19884, stack(0x0000007385d00000,0x0000007385e00000)]
  0x0000020158349980 JavaThread "Cache worker for file hash cache (D:\projects\IT342-Jaranilla-LoudWaveLive\mobile\.gradle\8.4\fileHashes)" [_thread_blocked, id=20820, stack(0x0000007385e00000,0x0000007385f00000)]
  0x0000020158349e90 JavaThread "Cache worker for cache directory md-supplier (C:\Users\rayal\.gradle\caches\8.4\md-supplier)" [_thread_blocked, id=4504, stack(0x0000007385f00000,0x0000007386000000)]
  0x00000201593ee670 JavaThread "Cache worker for file content cache (C:\Users\rayal\.gradle\caches\8.4\fileContent)" [_thread_blocked, id=13880, stack(0x0000007386000000,0x0000007386100000)]
  0x00000201593efab0 JavaThread "Cache worker for cache directory md-rule (C:\Users\rayal\.gradle\caches\8.4\md-rule)" [_thread_blocked, id=19352, stack(0x0000007386100000,0x0000007386200000)]
  0x00000201593eeb80 JavaThread "Cache worker for execution history cache (C:\Users\rayal\.gradle\caches\8.4\executionHistory)" [_thread_blocked, id=14004, stack(0x0000007386200000,0x0000007386300000)]
  0x00000201593ec300 JavaThread "Cache worker for kotlin-dsl (C:\Users\rayal\.gradle\caches\8.4\kotlin-dsl)" [_thread_blocked, id=22480, stack(0x0000007386400000,0x0000007386500000)]
  0x00000201593edc50 JavaThread "jar transforms" [_thread_blocked, id=12380, stack(0x0000007386500000,0x0000007386600000)]
  0x00000201593ef5a0 JavaThread "jar transforms Thread 2" [_thread_blocked, id=19048, stack(0x0000007386600000,0x0000007386700000)]
  0x00000201593effc0 JavaThread "jar transforms Thread 3" [_thread_blocked, id=20212, stack(0x0000007386700000,0x0000007386800000)]
  0x00000201593ef090 JavaThread "jar transforms Thread 4" [_thread_blocked, id=7784, stack(0x0000007386800000,0x0000007386900000)]
  0x00000201593ed230 JavaThread "Cache worker for dependencies-accessors (D:\projects\IT342-Jaranilla-LoudWaveLive\mobile\.gradle\8.4\dependencies-accessors)" [_thread_blocked, id=19536, stack(0x0000007386900000,0x0000007386a00000)]
  0x00000201593ec810 JavaThread "Cache worker for Build Output Cleanup Cache (D:\projects\IT342-Jaranilla-LoudWaveLive\mobile\.gradle\buildOutputCleanup)" [_thread_blocked, id=18004, stack(0x0000007386a00000,0x0000007386b00000)]
  0x00000201593f04d0 JavaThread "Unconstrained build operations" [_thread_blocked, id=21832, stack(0x0000007386b00000,0x0000007386c00000)]
  0x00000201593ee160 JavaThread "Unconstrained build operations Thread 2" [_thread_blocked, id=21720, stack(0x0000007386c00000,0x0000007386d00000)]
  0x00000201593f09e0 JavaThread "Unconstrained build operations Thread 3" [_thread_blocked, id=8164, stack(0x0000007386d00000,0x0000007386e00000)]
  0x00000201593f0ef0 JavaThread "build event listener" [_thread_blocked, id=12124, stack(0x0000007385a00000,0x0000007385b00000)]
  0x00000201593ed740 JavaThread "Memory manager" [_thread_blocked, id=21136, stack(0x0000007386f00000,0x0000007387000000)]
  0x00000201593f1910 JavaThread "build event listener" [_thread_blocked, id=7000, stack(0x0000007387000000,0x0000007387100000)]
  0x00000201581e65a0 JavaThread "pool-3-thread-1" [_thread_blocked, id=13988, stack(0x0000007387100000,0x0000007387200000)]
  0x00000201581e6ab0 JavaThread "build event listener" [_thread_blocked, id=6632, stack(0x0000007387200000,0x0000007387300000)]
  0x00000201581e74d0 JavaThread "included builds" [_thread_blocked, id=9984, stack(0x0000007387300000,0x0000007387400000)]
  0x00000201581e8e20 JavaThread "Execution worker" [_thread_blocked, id=9512, stack(0x0000007387400000,0x0000007387500000)]
  0x00000201581e79e0 JavaThread "Execution worker Thread 2" [_thread_blocked, id=20024, stack(0x0000007387500000,0x0000007387600000)]
  0x00000201581e9330 JavaThread "Execution worker Thread 3" [_thread_blocked, id=9068, stack(0x0000007387600000,0x0000007387700000)]
  0x00000201581e6fc0 JavaThread "Cache worker for execution history cache (D:\projects\IT342-Jaranilla-LoudWaveLive\mobile\.gradle\8.4\executionHistory)" [_thread_blocked, id=9148, stack(0x0000007387700000,0x0000007387800000)]
  0x00000201581e5b80 JavaThread "Unconstrained build operations Thread 4" [_thread_blocked, id=17956, stack(0x0000007387800000,0x0000007387900000)]
  0x00000201581e9840 JavaThread "Unconstrained build operations Thread 5" [_thread_blocked, id=17656, stack(0x0000007387900000,0x0000007387a00000)]
  0x00000201581e6090 JavaThread "Unconstrained build operations Thread 6" [_thread_blocked, id=18552, stack(0x0000007387a00000,0x0000007387b00000)]
  0x00000201581ea770 JavaThread "Unconstrained build operations Thread 7" [_thread_blocked, id=11144, stack(0x0000007387b00000,0x0000007387c00000)]
  0x00000201581ecae0 JavaThread "Unconstrained build operations Thread 8" [_thread_blocked, id=19596, stack(0x0000007387c00000,0x0000007387d00000)]
  0x00000201581eb6a0 JavaThread "Unconstrained build operations Thread 9" [_thread_blocked, id=21360, stack(0x0000007387d00000,0x0000007387e00000)]
  0x00000201581ec5d0 JavaThread "WorkerExecutor Queue" [_thread_blocked, id=11312, stack(0x0000007387f00000,0x0000007388000000)]
  0x00000201581e9d50 JavaThread "WorkerExecutor Queue Thread 2" [_thread_blocked, id=21780, stack(0x0000007388000000,0x0000007388100000)]
  0x00000201581ebbb0 JavaThread "WorkerExecutor Queue Thread 3" [_thread_blocked, id=14848, stack(0x0000007388100000,0x0000007388200000)]
  0x00000201590f3fc0 JavaThread "Unconstrained build operations Thread 10" [_thread_blocked, id=18188, stack(0x0000007388400000,0x0000007388500000)]
  0x00000201590f3ab0 JavaThread "Unconstrained build operations Thread 11" [_thread_blocked, id=18796, stack(0x0000007388500000,0x0000007388600000)]
  0x00000201590f1230 JavaThread "Unconstrained build operations Thread 12" [_thread_blocked, id=20872, stack(0x0000007388600000,0x0000007388700000)]
  0x00000201590f0810 JavaThread "Unconstrained build operations Thread 13" [_thread_blocked, id=21636, stack(0x0000007388700000,0x0000007388800000)]
  0x00000201590f0d20 JavaThread "Unconstrained build operations Thread 14" [_thread_blocked, id=8352, stack(0x0000007388800000,0x0000007388900000)]
  0x00000201590f35a0 JavaThread "Unconstrained build operations Thread 15" [_thread_blocked, id=22440, stack(0x0000007388900000,0x0000007388a00000)]
  0x00000201590f49e0 JavaThread "Unconstrained build operations Thread 16" [_thread_blocked, id=7220, stack(0x0000007388a00000,0x0000007388b00000)]
  0x00000201590f4ef0 JavaThread "Unconstrained build operations Thread 17" [_thread_blocked, id=17504, stack(0x0000007388b00000,0x0000007388c00000)]
  0x00000201590f1740 JavaThread "Unconstrained build operations Thread 18" [_thread_blocked, id=18612, stack(0x0000007388c00000,0x0000007388d00000)]
  0x00000201590f1c50 JavaThread "Unconstrained build operations Thread 19" [_thread_blocked, id=7704, stack(0x0000007388d00000,0x0000007388e00000)]
  0x00000201590f5910 JavaThread "Unconstrained build operations Thread 20" [_thread_blocked, id=22476, stack(0x0000007388e00000,0x0000007388f00000)]
  0x00000201590f2b80 JavaThread "Unconstrained build operations Thread 21" [_thread_blocked, id=20688, stack(0x0000007388f00000,0x0000007389000000)]
  0x00000201590f6330 JavaThread "Unconstrained build operations Thread 22" [_thread_blocked, id=5692, stack(0x0000007389000000,0x0000007389100000)]
  0x00000201590f6840 JavaThread "Unconstrained build operations Thread 23" [_thread_blocked, id=19176, stack(0x0000007389100000,0x0000007389200000)]
  0x00000201590f6d50 JavaThread "Unconstrained build operations Thread 24" [_thread_blocked, id=21924, stack(0x0000007389200000,0x0000007389300000)]
  0x00000201590f7c80 JavaThread "Unconstrained build operations Thread 25" [_thread_blocked, id=19412, stack(0x0000007389300000,0x0000007389400000)]
  0x00000201590f7260 JavaThread "Unconstrained build operations Thread 26" [_thread_blocked, id=17056, stack(0x0000007389400000,0x0000007389500000)]
  0x00000201590f8190 JavaThread "Unconstrained build operations Thread 27" [_thread_blocked, id=11640, stack(0x0000007389500000,0x0000007389600000)]
  0x00000201590f7770 JavaThread "Unconstrained build operations Thread 28" [_thread_blocked, id=19368, stack(0x0000007389600000,0x0000007389700000)]
  0x00000201581ea260 JavaThread "Unconstrained build operations Thread 29" [_thread_blocked, id=6976, stack(0x0000007389700000,0x0000007389800000)]
  0x0000020159598de0 JavaThread "pool-4-thread-1" [_thread_blocked, id=11508, stack(0x0000007389800000,0x0000007389900000)]
  0x000002015959bb70 JavaThread "Unconstrained build operations Thread 30" [_thread_blocked, id=8964, stack(0x0000007389900000,0x0000007389a00000)]
  0x000002015959c080 JavaThread "Unconstrained build operations Thread 31" [_thread_blocked, id=19676, stack(0x0000007389a00000,0x0000007389b00000)]
  0x000002015959b660 JavaThread "Unconstrained build operations Thread 32" [_thread_blocked, id=17872, stack(0x0000007389b00000,0x0000007389c00000)]
  0x0000020159599800 JavaThread "stderr" [_thread_in_native, id=14216, stack(0x0000007389c00000,0x0000007389d00000)]
  0x000002015959a730 JavaThread "stdout" [_thread_in_native, id=19840, stack(0x0000007389d00000,0x0000007389e00000)]
  0x00000201595988d0 JavaThread "Unconstrained build operations Thread 33" [_thread_blocked, id=492, stack(0x0000007389e00000,0x0000007389f00000)]
  0x0000020159599d10 JavaThread "Unconstrained build operations Thread 34" [_thread_blocked, id=3752, stack(0x0000007389f00000,0x000000738a000000)]
  0x000002015959ac40 JavaThread "Unconstrained build operations Thread 35" [_thread_blocked, id=18420, stack(0x000000738a000000,0x000000738a100000)]
  0x000002015959c590 JavaThread "WorkerExecutor Queue Thread 5" [_thread_blocked, id=14128, stack(0x000000738a100000,0x000000738a200000)]
  0x000002015959caa0 JavaThread "ForkJoinPool-1-worker-1" daemon [_thread_blocked, id=9012, stack(0x0000007383400000,0x0000007383500000)]
  0x00000201595992f0 JavaThread "ForkJoinPool-1-worker-2" daemon [_thread_blocked, id=12712, stack(0x0000007386e00000,0x0000007386f00000)]
  0x000002015959f320 JavaThread "ForkJoinPool-1-worker-3" daemon [_thread_blocked, id=13008, stack(0x000000738a200000,0x000000738a300000)]
  0x000002015959ee10 JavaThread "ForkJoinPool-1-worker-4" daemon [_thread_blocked, id=12596, stack(0x000000738a300000,0x000000738a400000)]
  0x00000201562cedd0 JavaThread "C2 CompilerThread1" daemon [_thread_blocked, id=20008, stack(0x000000738a500000,0x000000738a600000)]

Other Threads:
=>0x0000020151c89ae0 VMThread "VM Thread" [stack: 0x0000007383d00000,0x0000007383e00000] [id=12032]
  0x0000020156366d60 WatcherThread [stack: 0x0000007384900000,0x0000007384a00000] [id=18108]
  0x00000201389095c0 GCTaskThread "GC Thread#0" [stack: 0x0000007383800000,0x0000007383900000] [id=16032]
  0x00000201563e3620 GCTaskThread "GC Thread#1" [stack: 0x0000007384b00000,0x0000007384c00000] [id=15484]
  0x0000020156607100 GCTaskThread "GC Thread#2" [stack: 0x0000007384c00000,0x0000007384d00000] [id=22316]
  0x0000020156d228b0 GCTaskThread "GC Thread#3" [stack: 0x0000007384d00000,0x0000007384e00000] [id=15820]
  0x000002013891a420 ConcurrentGCThread "G1 Main Marker" [stack: 0x0000007383900000,0x0000007383a00000] [id=22132]
  0x000002013891ba20 ConcurrentGCThread "G1 Conc#0" [stack: 0x0000007383a00000,0x0000007383b00000] [id=17100]
  0x0000020151b05cd0 ConcurrentGCThread "G1 Refine#0" [stack: 0x0000007383b00000,0x0000007383c00000] [id=19252]
  0x0000020158c79450 ConcurrentGCThread "G1 Refine#1" [stack: 0x0000007386300000,0x0000007386400000] [id=14472]
  0x000002015bd3c7f0 ConcurrentGCThread "G1 Refine#2" [stack: 0x0000007387e00000,0x0000007387f00000] [id=10424]
  0x000002015991a6b0 ConcurrentGCThread "G1 Refine#3" [stack: 0x000000738a400000,0x000000738a500000] [id=12648]
  0x0000020151b064b0 ConcurrentGCThread "G1 Service" [stack: 0x0000007383c00000,0x0000007383d00000] [id=22020]

Threads with active compile tasks:
C2 CompilerThread0    52724 19145       4       com.android.tools.r8.internal.sg0::a (652 bytes)

VM state: at safepoint (normal execution)

VM Mutex/Monitor currently owned by a thread:  ([mutex/lock_event])
[0x000002013665a9e0] Threads_lock - owner thread: 0x0000020151c89ae0
[0x00000201388a8230] Heap_lock - owner thread: 0x000002013891a420

Heap address: 0x0000000080000000, size: 2048 MB, Compressed Oops mode: 32-bit

CDS archive(s) not mapped
Compressed class space mapped at: 0x0000000100000000-0x0000000140000000, reserved size: 1073741824
Narrow klass base: 0x0000000000000000, Narrow klass shift: 3, Narrow klass range: 0x140000000

GC Precious Log:
 CPUs: 4 total, 4 available
 Memory: 7991M
 Large Page Support: Disabled
 NUMA Support: Disabled
 Compressed Oops: Enabled (32-bit)
 Heap Region Size: 1M
 Heap Min Capacity: 8M
 Heap Initial Capacity: 126M
 Heap Max Capacity: 2G
 Pre-touch: Disabled
 Parallel Workers: 4
 Concurrent Workers: 1
 Concurrent Refinement Workers: 4
 Periodic GC: Disabled

Heap:
 garbage-first heap   total 324608K, used 238592K [0x0000000080000000, 0x0000000100000000)
  region size 1024K, 12 young (12288K), 3 survivors (3072K)
 Metaspace       used 132123K, committed 132992K, reserved 1179648K
  class space    used 17956K, committed 18368K, reserved 1048576K

Heap Regions: E=young(eden), S=young(survivor), O=old, HS=humongous(starts), HC=humongous(continues), CS=collection set, F=free, OA=open archive, CA=closed archive, TAMS=top-at-mark-start (previous, next)
|   0|0x0000000080000000, 0x0000000080100000, 0x0000000080100000|100%| O|  |TAMS 0x0000000080100000, 0x0000000080000000| Untracked 
|   1|0x0000000080100000, 0x0000000080200000, 0x0000000080200000|100%| O|  |TAMS 0x0000000080200000, 0x0000000080100000| Updating 
|   2|0x0000000080200000, 0x0000000080300000, 0x0000000080300000|100%|HS|  |TAMS 0x0000000080300000, 0x0000000080200000| Complete 
|   3|0x0000000080300000, 0x0000000080400000, 0x0000000080400000|100%|HC|  |TAMS 0x0000000080400000, 0x0000000080300000| Complete 
|   4|0x0000000080400000, 0x0000000080500000, 0x0000000080500000|100%|HC|  |TAMS 0x0000000080500000, 0x0000000080400000| Complete 
|   5|0x0000000080500000, 0x0000000080600000, 0x0000000080600000|100%|HC|  |TAMS 0x0000000080600000, 0x0000000080500000| Complete 
|   6|0x0000000080600000, 0x0000000080700000, 0x0000000080700000|100%| O|  |TAMS 0x0000000080700000, 0x0000000080600000| Untracked 
|   7|0x0000000080700000, 0x0000000080800000, 0x0000000080800000|100%| O|  |TAMS 0x0000000080800000, 0x0000000080700000| Untracked 
|   8|0x0000000080800000, 0x0000000080900000, 0x0000000080900000|100%| O|  |TAMS 0x0000000080900000, 0x0000000080800000| Untracked 
|   9|0x0000000080900000, 0x0000000080a00000, 0x0000000080a00000|100%| O|  |TAMS 0x0000000080a00000, 0x0000000080900000| Untracked 
|  10|0x0000000080a00000, 0x0000000080b00000, 0x0000000080b00000|100%| O|  |TAMS 0x0000000080b00000, 0x0000000080a00000| Untracked 
|  11|0x0000000080b00000, 0x0000000080c00000, 0x0000000080c00000|100%| O|  |TAMS 0x0000000080c00000, 0x0000000080b00000| Updating 
|  12|0x0000000080c00000, 0x0000000080d00000, 0x0000000080d00000|100%| O|  |TAMS 0x0000000080d00000, 0x0000000080c00000| Untracked 
|  13|0x0000000080d00000, 0x0000000080e00000, 0x0000000080e00000|100%| O|  |TAMS 0x0000000080e00000, 0x0000000080d00000| Untracked 
|  14|0x0000000080e00000, 0x0000000080f00000, 0x0000000080f00000|100%| O|  |TAMS 0x0000000080f00000, 0x0000000080e00000| Untracked 
|  15|0x0000000080f00000, 0x0000000081000000, 0x0000000081000000|100%| O|  |TAMS 0x0000000081000000, 0x0000000080f00000| Untracked 
|  16|0x0000000081000000, 0x0000000081100000, 0x0000000081100000|100%| O|  |TAMS 0x0000000081100000, 0x0000000081000000| Untracked 
|  17|0x0000000081100000, 0x0000000081200000, 0x0000000081200000|100%| O|  |TAMS 0x0000000081200000, 0x0000000081100000| Untracked 
|  18|0x0000000081200000, 0x0000000081300000, 0x0000000081300000|100%| O|  |TAMS 0x0000000081300000, 0x0000000081200000| Untracked 
|  19|0x0000000081300000, 0x0000000081400000, 0x0000000081400000|100%| O|  |TAMS 0x0000000081400000, 0x0000000081300000| Untracked 
|  20|0x0000000081400000, 0x0000000081500000, 0x0000000081500000|100%| O|  |TAMS 0x0000000081500000, 0x0000000081400000| Updating 
|  21|0x0000000081500000, 0x0000000081600000, 0x0000000081600000|100%| O|  |TAMS 0x0000000081600000, 0x0000000081500000| Untracked 
|  22|0x0000000081600000, 0x0000000081700000, 0x0000000081700000|100%| O|  |TAMS 0x0000000081700000, 0x0000000081600000| Updating 
|  23|0x0000000081700000, 0x0000000081800000, 0x0000000081800000|100%| O|  |TAMS 0x0000000081800000, 0x0000000081700000| Untracked 
|  24|0x0000000081800000, 0x0000000081900000, 0x0000000081900000|100%| O|  |TAMS 0x0000000081900000, 0x0000000081800000| Untracked 
|  25|0x0000000081900000, 0x0000000081a00000, 0x0000000081a00000|100%| O|  |TAMS 0x0000000081a00000, 0x0000000081900000| Untracked 
|  26|0x0000000081a00000, 0x0000000081b00000, 0x0000000081b00000|100%| O|  |TAMS 0x0000000081b00000, 0x0000000081a00000| Untracked 
|  27|0x0000000081b00000, 0x0000000081c00000, 0x0000000081c00000|100%| O|  |TAMS 0x0000000081c00000, 0x0000000081b00000| Untracked 
|  28|0x0000000081c00000, 0x0000000081d00000, 0x0000000081d00000|100%| O|  |TAMS 0x0000000081d00000, 0x0000000081c00000| Untracked 
|  29|0x0000000081d00000, 0x0000000081e00000, 0x0000000081e00000|100%| O|  |TAMS 0x0000000081e00000, 0x0000000081d00000| Untracked 
|  30|0x0000000081e00000, 0x0000000081f00000, 0x0000000081f00000|100%| O|  |TAMS 0x0000000081f00000, 0x0000000081e00000| Updating 
|  31|0x0000000081f00000, 0x0000000082000000, 0x0000000082000000|100%| O|  |TAMS 0x0000000082000000, 0x0000000081f00000| Untracked 
|  32|0x0000000082000000, 0x0000000082100000, 0x0000000082100000|100%| O|  |TAMS 0x0000000082100000, 0x0000000082000000| Untracked 
|  33|0x0000000082100000, 0x0000000082200000, 0x0000000082200000|100%|HS|  |TAMS 0x0000000082200000, 0x0000000082100000| Complete 
|  34|0x0000000082200000, 0x0000000082300000, 0x0000000082300000|100%|HS|  |TAMS 0x0000000082300000, 0x0000000082200000| Complete 
|  35|0x0000000082300000, 0x0000000082400000, 0x0000000082400000|100%|HS|  |TAMS 0x0000000082400000, 0x0000000082300000| Complete 
|  36|0x0000000082400000, 0x0000000082500000, 0x0000000082500000|100%|HC|  |TAMS 0x0000000082500000, 0x0000000082400000| Complete 
|  37|0x0000000082500000, 0x0000000082600000, 0x0000000082600000|100%|HS|  |TAMS 0x0000000082600000, 0x0000000082500000| Complete 
|  38|0x0000000082600000, 0x0000000082700000, 0x0000000082700000|100%|HC|  |TAMS 0x0000000082700000, 0x0000000082600000| Complete 
|  39|0x0000000082700000, 0x0000000082800000, 0x0000000082800000|100%|HS|  |TAMS 0x0000000082800000, 0x0000000082700000| Complete 
|  40|0x0000000082800000, 0x0000000082900000, 0x0000000082900000|100%|HS|  |TAMS 0x0000000082900000, 0x0000000082800000| Complete 
|  41|0x0000000082900000, 0x0000000082a00000, 0x0000000082a00000|100%| O|  |TAMS 0x0000000082a00000, 0x0000000082900000| Untracked 
|  42|0x0000000082a00000, 0x0000000082b00000, 0x0000000082b00000|100%| O|  |TAMS 0x0000000082b00000, 0x0000000082a00000| Untracked 
|  43|0x0000000082b00000, 0x0000000082c00000, 0x0000000082c00000|100%| O|  |TAMS 0x0000000082c00000, 0x0000000082b00000| Untracked 
|  44|0x0000000082c00000, 0x0000000082d00000, 0x0000000082d00000|100%| O|  |TAMS 0x0000000082d00000, 0x0000000082c00000| Untracked 
|  45|0x0000000082d00000, 0x0000000082e00000, 0x0000000082e00000|100%| O|  |TAMS 0x0000000082e00000, 0x0000000082d00000| Untracked 
|  46|0x0000000082e00000, 0x0000000082f00000, 0x0000000082f00000|100%| O|  |TAMS 0x0000000082f00000, 0x0000000082e00000| Untracked 
|  47|0x0000000082f00000, 0x0000000083000000, 0x0000000083000000|100%| O|  |TAMS 0x0000000083000000, 0x0000000082f00000| Updating 
|  48|0x0000000083000000, 0x0000000083100000, 0x0000000083100000|100%| O|  |TAMS 0x0000000083100000, 0x0000000083000000| Untracked 
|  49|0x0000000083100000, 0x0000000083200000, 0x0000000083200000|100%| O|  |TAMS 0x0000000083200000, 0x0000000083100000| Untracked 
|  50|0x0000000083200000, 0x0000000083300000, 0x0000000083300000|100%| O|  |TAMS 0x0000000083300000, 0x0000000083200000| Untracked 
|  51|0x0000000083300000, 0x0000000083400000, 0x0000000083400000|100%|HS|  |TAMS 0x0000000083400000, 0x0000000083300000| Complete 
|  52|0x0000000083400000, 0x0000000083500000, 0x0000000083500000|100%|HC|  |TAMS 0x0000000083500000, 0x0000000083400000| Complete 
|  53|0x0000000083500000, 0x0000000083600000, 0x0000000083600000|100%|HC|  |TAMS 0x0000000083600000, 0x0000000083500000| Complete 
|  54|0x0000000083600000, 0x0000000083700000, 0x0000000083700000|100%|HC|  |TAMS 0x0000000083700000, 0x0000000083600000| Complete 
|  55|0x0000000083700000, 0x0000000083800000, 0x0000000083800000|100%| O|  |TAMS 0x0000000083800000, 0x0000000083700000| Updating 
|  56|0x0000000083800000, 0x0000000083900000, 0x0000000083900000|100%|HS|  |TAMS 0x0000000083900000, 0x0000000083800000| Complete 
|  57|0x0000000083900000, 0x0000000083a00000, 0x0000000083a00000|100%| O|  |TAMS 0x0000000083a00000, 0x0000000083900000| Untracked 
|  58|0x0000000083a00000, 0x0000000083b00000, 0x0000000083b00000|100%| O|  |TAMS 0x0000000083b00000, 0x0000000083a00000| Untracked 
|  59|0x0000000083b00000, 0x0000000083c00000, 0x0000000083c00000|100%| O|  |TAMS 0x0000000083c00000, 0x0000000083b00000| Untracked 
|  60|0x0000000083c00000, 0x0000000083d00000, 0x0000000083d00000|100%| O|  |TAMS 0x0000000083d00000, 0x0000000083c00000| Untracked 
|  61|0x0000000083d00000, 0x0000000083e00000, 0x0000000083e00000|100%| O|  |TAMS 0x0000000083e00000, 0x0000000083d00000| Untracked 
|  62|0x0000000083e00000, 0x0000000083f00000, 0x0000000083f00000|100%| O|  |TAMS 0x0000000083f00000, 0x0000000083e00000| Untracked 
|  63|0x0000000083f00000, 0x0000000084000000, 0x0000000084000000|100%| O|  |TAMS 0x0000000084000000, 0x0000000083f00000| Untracked 
|  64|0x0000000084000000, 0x0000000084100000, 0x0000000084100000|100%| O|  |TAMS 0x0000000084100000, 0x0000000084000000| Untracked 
|  65|0x0000000084100000, 0x0000000084200000, 0x0000000084200000|100%| O|  |TAMS 0x0000000084200000, 0x0000000084100000| Untracked 
|  66|0x0000000084200000, 0x0000000084300000, 0x0000000084300000|100%| O|  |TAMS 0x0000000084300000, 0x0000000084200000| Untracked 
|  67|0x0000000084300000, 0x0000000084400000, 0x0000000084400000|100%| O|  |TAMS 0x0000000084400000, 0x0000000084300000| Untracked 
|  68|0x0000000084400000, 0x0000000084500000, 0x0000000084500000|100%| O|  |TAMS 0x0000000084500000, 0x0000000084400000| Untracked 
|  69|0x0000000084500000, 0x0000000084600000, 0x0000000084600000|100%|HS|  |TAMS 0x0000000084600000, 0x0000000084500000| Complete 
|  70|0x0000000084600000, 0x0000000084700000, 0x0000000084700000|100%|HC|  |TAMS 0x0000000084700000, 0x0000000084600000| Complete 
|  71|0x0000000084700000, 0x0000000084800000, 0x0000000084800000|100%|HC|  |TAMS 0x0000000084800000, 0x0000000084700000| Complete 
|  72|0x0000000084800000, 0x0000000084900000, 0x0000000084900000|100%|HC|  |TAMS 0x0000000084900000, 0x0000000084800000| Complete 
|  73|0x0000000084900000, 0x0000000084a00000, 0x0000000084a00000|100%| O|  |TAMS 0x0000000084a00000, 0x0000000084900000| Untracked 
|  74|0x0000000084a00000, 0x0000000084b00000, 0x0000000084b00000|100%| O|  |TAMS 0x0000000084b00000, 0x0000000084a00000| Updating 
|  75|0x0000000084b00000, 0x0000000084c00000, 0x0000000084c00000|100%| O|  |TAMS 0x0000000084c00000, 0x0000000084b00000| Updating 
|  76|0x0000000084c00000, 0x0000000084d00000, 0x0000000084d00000|100%| O|  |TAMS 0x0000000084d00000, 0x0000000084c00000| Untracked 
|  77|0x0000000084d00000, 0x0000000084e00000, 0x0000000084e00000|100%| O|  |TAMS 0x0000000084e00000, 0x0000000084d00000| Untracked 
|  78|0x0000000084e00000, 0x0000000084f00000, 0x0000000084f00000|100%| O|  |TAMS 0x0000000084f00000, 0x0000000084e00000| Updating 
|  79|0x0000000084f00000, 0x0000000085000000, 0x0000000085000000|100%| O|  |TAMS 0x0000000085000000, 0x0000000084f00000| Untracked 
|  80|0x0000000085000000, 0x0000000085100000, 0x0000000085100000|100%| O|  |TAMS 0x0000000085100000, 0x0000000085000000| Untracked 
|  81|0x0000000085100000, 0x0000000085200000, 0x0000000085200000|100%| O|  |TAMS 0x0000000085200000, 0x0000000085100000| Untracked 
|  82|0x0000000085200000, 0x0000000085300000, 0x0000000085300000|100%| O|  |TAMS 0x0000000085300000, 0x0000000085200000| Untracked 
|  83|0x0000000085300000, 0x0000000085400000, 0x0000000085400000|100%| O|  |TAMS 0x0000000085400000, 0x0000000085300000| Untracked 
|  84|0x0000000085400000, 0x0000000085500000, 0x0000000085500000|100%| O|  |TAMS 0x0000000085500000, 0x0000000085400000| Untracked 
|  85|0x0000000085500000, 0x0000000085600000, 0x0000000085600000|100%| O|  |TAMS 0x0000000085600000, 0x0000000085500000| Updating 
|  86|0x0000000085600000, 0x0000000085700000, 0x0000000085700000|100%| O|  |TAMS 0x0000000085700000, 0x0000000085600000| Untracked 
|  87|0x0000000085700000, 0x0000000085800000, 0x0000000085800000|100%| O|  |TAMS 0x0000000085800000, 0x0000000085700000| Untracked 
|  88|0x0000000085800000, 0x0000000085900000, 0x0000000085900000|100%| O|  |TAMS 0x0000000085900000, 0x0000000085800000| Untracked 
|  89|0x0000000085900000, 0x0000000085a00000, 0x0000000085a00000|100%| O|  |TAMS 0x0000000085a00000, 0x0000000085900000| Untracked 
|  90|0x0000000085a00000, 0x0000000085b00000, 0x0000000085b00000|100%| O|  |TAMS 0x0000000085b00000, 0x0000000085a00000| Untracked 
|  91|0x0000000085b00000, 0x0000000085c00000, 0x0000000085c00000|100%| O|  |TAMS 0x0000000085c00000, 0x0000000085b00000| Updating 
|  92|0x0000000085c00000, 0x0000000085d00000, 0x0000000085d00000|100%| O|  |TAMS 0x0000000085d00000, 0x0000000085c00000| Untracked 
|  93|0x0000000085d00000, 0x0000000085e00000, 0x0000000085e00000|100%| O|  |TAMS 0x0000000085e00000, 0x0000000085d00000| Untracked 
|  94|0x0000000085e00000, 0x0000000085f00000, 0x0000000085f00000|100%| O|  |TAMS 0x0000000085f00000, 0x0000000085e00000| Untracked 
|  95|0x0000000085f00000, 0x0000000086000000, 0x0000000086000000|100%| O|  |TAMS 0x0000000086000000, 0x0000000085f00000| Untracked 
|  96|0x0000000086000000, 0x0000000086100000, 0x0000000086100000|100%| O|  |TAMS 0x0000000086100000, 0x0000000086000000| Untracked 
|  97|0x0000000086100000, 0x0000000086200000, 0x0000000086200000|100%| O|  |TAMS 0x0000000086200000, 0x0000000086100000| Untracked 
|  98|0x0000000086200000, 0x0000000086300000, 0x0000000086300000|100%| O|  |TAMS 0x0000000086300000, 0x0000000086200000| Updating 
|  99|0x0000000086300000, 0x0000000086400000, 0x0000000086400000|100%| O|  |TAMS 0x0000000086400000, 0x0000000086300000| Untracked 
| 100|0x0000000086400000, 0x0000000086500000, 0x0000000086500000|100%| O|  |TAMS 0x0000000086500000, 0x0000000086400000| Updating 
| 101|0x0000000086500000, 0x0000000086600000, 0x0000000086600000|100%| O|  |TAMS 0x0000000086600000, 0x0000000086500000| Updating 
| 102|0x0000000086600000, 0x0000000086700000, 0x0000000086700000|100%| O|  |TAMS 0x0000000086700000, 0x0000000086600000| Updating 
| 103|0x0000000086700000, 0x0000000086800000, 0x0000000086800000|100%| O|  |TAMS 0x0000000086800000, 0x0000000086700000| Untracked 
| 104|0x0000000086800000, 0x0000000086800000, 0x0000000086900000|  0%| F|  |TAMS 0x0000000086800000, 0x0000000086800000| Untracked 
| 105|0x0000000086900000, 0x0000000086900000, 0x0000000086a00000|  0%| F|  |TAMS 0x0000000086900000, 0x0000000086900000| Untracked 
| 106|0x0000000086a00000, 0x0000000086b00000, 0x0000000086b00000|100%| O|  |TAMS 0x0000000086b00000, 0x0000000086a00000| Untracked 
| 107|0x0000000086b00000, 0x0000000086b00000, 0x0000000086c00000|  0%| F|  |TAMS 0x0000000086b00000, 0x0000000086b00000| Untracked 
| 108|0x0000000086c00000, 0x0000000086d00000, 0x0000000086d00000|100%| O|  |TAMS 0x0000000086d00000, 0x0000000086c00000| Untracked 
| 109|0x0000000086d00000, 0x0000000086d00000, 0x0000000086e00000|  0%| F|  |TAMS 0x0000000086d00000, 0x0000000086d00000| Untracked 
| 110|0x0000000086e00000, 0x0000000086f00000, 0x0000000086f00000|100%| O|  |TAMS 0x0000000086f00000, 0x0000000086e00000| Updating 
| 111|0x0000000086f00000, 0x0000000086f00000, 0x0000000087000000|  0%| F|  |TAMS 0x0000000086f00000, 0x0000000086f00000| Untracked 
| 112|0x0000000087000000, 0x0000000087100000, 0x0000000087100000|100%| O|  |TAMS 0x0000000087100000, 0x0000000087000000| Untracked 
| 113|0x0000000087100000, 0x0000000087200000, 0x0000000087200000|100%| O|  |TAMS 0x0000000087200000, 0x0000000087100000| Updating 
| 114|0x0000000087200000, 0x0000000087300000, 0x0000000087300000|100%| O|  |TAMS 0x0000000087300000, 0x0000000087200000| Updating 
| 115|0x0000000087300000, 0x0000000087400000, 0x0000000087400000|100%| O|  |TAMS 0x0000000087400000, 0x0000000087300000| Updating 
| 116|0x0000000087400000, 0x0000000087500000, 0x0000000087500000|100%| O|  |TAMS 0x0000000087500000, 0x0000000087400000| Updating 
| 117|0x0000000087500000, 0x0000000087600000, 0x0000000087600000|100%| O|  |TAMS 0x0000000087600000, 0x0000000087500000| Updating 
| 118|0x0000000087600000, 0x0000000087700000, 0x0000000087700000|100%| O|  |TAMS 0x0000000087700000, 0x0000000087600000| Updating 
| 119|0x0000000087700000, 0x0000000087800000, 0x0000000087800000|100%| O|  |TAMS 0x0000000087800000, 0x0000000087700000| Updating 
| 120|0x0000000087800000, 0x0000000087900000, 0x0000000087900000|100%| O|  |TAMS 0x0000000087900000, 0x0000000087800000| Untracked 
| 121|0x0000000087900000, 0x0000000087a00000, 0x0000000087a00000|100%| O|  |TAMS 0x0000000087a00000, 0x0000000087900000| Updating 
| 122|0x0000000087a00000, 0x0000000087b00000, 0x0000000087b00000|100%| O|  |TAMS 0x0000000087b00000, 0x0000000087a00000| Updating 
| 123|0x0000000087b00000, 0x0000000087c00000, 0x0000000087c00000|100%| O|  |TAMS 0x0000000087c00000, 0x0000000087b00000| Updating 
| 124|0x0000000087c00000, 0x0000000087d00000, 0x0000000087d00000|100%| O|  |TAMS 0x0000000087d00000, 0x0000000087c00000| Untracked 
| 125|0x0000000087d00000, 0x0000000087e00000, 0x0000000087e00000|100%| O|  |TAMS 0x0000000087e00000, 0x0000000087d00000| Untracked 
| 126|0x0000000087e00000, 0x0000000087f00000, 0x0000000087f00000|100%| O|  |TAMS 0x0000000087f00000, 0x0000000087e00000| Updating 
| 127|0x0000000087f00000, 0x0000000088000000, 0x0000000088000000|100%| O|  |TAMS 0x0000000088000000, 0x0000000087f00000| Updating 
| 128|0x0000000088000000, 0x0000000088000000, 0x0000000088100000|  0%| F|  |TAMS 0x0000000088000000, 0x0000000088000000| Untracked 
| 129|0x0000000088100000, 0x0000000088100000, 0x0000000088200000|  0%| F|  |TAMS 0x0000000088100000, 0x0000000088100000| Untracked 
| 130|0x0000000088200000, 0x0000000088300000, 0x0000000088300000|100%| O|  |TAMS 0x0000000088300000, 0x0000000088200000| Untracked 
| 131|0x0000000088300000, 0x0000000088400000, 0x0000000088400000|100%| O|  |TAMS 0x0000000088400000, 0x0000000088300000| Updating 
| 132|0x0000000088400000, 0x0000000088500000, 0x0000000088500000|100%| O|  |TAMS 0x0000000088500000, 0x0000000088400000| Updating 
| 133|0x0000000088500000, 0x0000000088600000, 0x0000000088600000|100%| O|  |TAMS 0x0000000088600000, 0x0000000088500000| Updating 
| 134|0x0000000088600000, 0x0000000088700000, 0x0000000088700000|100%| O|  |TAMS 0x0000000088700000, 0x0000000088600000| Updating 
| 135|0x0000000088700000, 0x0000000088800000, 0x0000000088800000|100%| O|  |TAMS 0x0000000088800000, 0x0000000088700000| Untracked 
| 136|0x0000000088800000, 0x0000000088900000, 0x0000000088900000|100%| O|  |TAMS 0x0000000088900000, 0x0000000088800000| Untracked 
| 137|0x0000000088900000, 0x0000000088a00000, 0x0000000088a00000|100%| O|  |TAMS 0x0000000088a00000, 0x0000000088900000| Untracked 
| 138|0x0000000088a00000, 0x0000000088b00000, 0x0000000088b00000|100%| O|  |TAMS 0x0000000088b00000, 0x0000000088a00000| Untracked 
| 139|0x0000000088b00000, 0x0000000088c00000, 0x0000000088c00000|100%| O|  |TAMS 0x0000000088c00000, 0x0000000088b00000| Untracked 
| 140|0x0000000088c00000, 0x0000000088d00000, 0x0000000088d00000|100%|HS|  |TAMS 0x0000000088d00000, 0x0000000088c00000| Complete 
| 141|0x0000000088d00000, 0x0000000088e00000, 0x0000000088e00000|100%| O|  |TAMS 0x0000000088e00000, 0x0000000088d00000| Updating 
| 142|0x0000000088e00000, 0x0000000088f00000, 0x0000000088f00000|100%| O|  |TAMS 0x0000000088f00000, 0x0000000088e00000| Untracked 
| 143|0x0000000088f00000, 0x0000000089000000, 0x0000000089000000|100%| O|  |TAMS 0x0000000089000000, 0x0000000088f00000| Updating 
| 144|0x0000000089000000, 0x0000000089100000, 0x0000000089100000|100%| O|  |TAMS 0x0000000089100000, 0x0000000089000000| Untracked 
| 145|0x0000000089100000, 0x0000000089200000, 0x0000000089200000|100%|HS|  |TAMS 0x0000000089200000, 0x0000000089100000| Complete 
| 146|0x0000000089200000, 0x0000000089300000, 0x0000000089300000|100%|HC|  |TAMS 0x0000000089300000, 0x0000000089200000| Complete 
| 147|0x0000000089300000, 0x0000000089400000, 0x0000000089400000|100%|HS|  |TAMS 0x0000000089400000, 0x0000000089300000| Complete 
| 148|0x0000000089400000, 0x0000000089500000, 0x0000000089500000|100%|HS|  |TAMS 0x0000000089500000, 0x0000000089400000| Complete 
| 149|0x0000000089500000, 0x0000000089600000, 0x0000000089600000|100%|HS|  |TAMS 0x0000000089600000, 0x0000000089500000| Complete 
| 150|0x0000000089600000, 0x0000000089700000, 0x0000000089700000|100%|HS|  |TAMS 0x0000000089700000, 0x0000000089600000| Complete 
| 151|0x0000000089700000, 0x0000000089800000, 0x0000000089800000|100%|HC|  |TAMS 0x0000000089800000, 0x0000000089700000| Complete 
| 152|0x0000000089800000, 0x0000000089900000, 0x0000000089900000|100%|HS|  |TAMS 0x0000000089900000, 0x0000000089800000| Complete 
| 153|0x0000000089900000, 0x0000000089a00000, 0x0000000089a00000|100%|HC|  |TAMS 0x0000000089a00000, 0x0000000089900000| Complete 
| 154|0x0000000089a00000, 0x0000000089b00000, 0x0000000089b00000|100%| O|  |TAMS 0x0000000089b00000, 0x0000000089a00000| Untracked 
| 155|0x0000000089b00000, 0x0000000089c00000, 0x0000000089c00000|100%| O|  |TAMS 0x0000000089c00000, 0x0000000089b00000| Untracked 
| 156|0x0000000089c00000, 0x0000000089d00000, 0x0000000089d00000|100%| O|  |TAMS 0x0000000089d00000, 0x0000000089c00000| Untracked 
| 157|0x0000000089d00000, 0x0000000089e00000, 0x0000000089e00000|100%| O|  |TAMS 0x0000000089e00000, 0x0000000089d00000| Untracked 
| 158|0x0000000089e00000, 0x0000000089f00000, 0x0000000089f00000|100%| O|  |TAMS 0x0000000089f00000, 0x0000000089e00000| Untracked 
| 159|0x0000000089f00000, 0x000000008a000000, 0x000000008a000000|100%| O|  |TAMS 0x000000008a000000, 0x0000000089f00000| Untracked 
| 160|0x000000008a000000, 0x000000008a100000, 0x000000008a100000|100%|HS|  |TAMS 0x000000008a100000, 0x000000008a000000| Complete 
| 161|0x000000008a100000, 0x000000008a200000, 0x000000008a200000|100%|HC|  |TAMS 0x000000008a200000, 0x000000008a100000| Complete 
| 162|0x000000008a200000, 0x000000008a300000, 0x000000008a300000|100%|HC|  |TAMS 0x000000008a300000, 0x000000008a200000| Complete 
| 163|0x000000008a300000, 0x000000008a400000, 0x000000008a400000|100%| O|  |TAMS 0x000000008a400000, 0x000000008a300000| Updating 
| 164|0x000000008a400000, 0x000000008a500000, 0x000000008a500000|100%| O|  |TAMS 0x000000008a500000, 0x000000008a400000| Updating 
| 165|0x000000008a500000, 0x000000008a500000, 0x000000008a600000|  0%| F|  |TAMS 0x000000008a500000, 0x000000008a500000| Untracked 
| 166|0x000000008a600000, 0x000000008a600000, 0x000000008a700000|  0%| F|  |TAMS 0x000000008a600000, 0x000000008a600000| Untracked 
| 167|0x000000008a700000, 0x000000008a800000, 0x000000008a800000|100%| O|  |TAMS 0x000000008a800000, 0x000000008a700000| Updating 
| 168|0x000000008a800000, 0x000000008a900000, 0x000000008a900000|100%| O|  |TAMS 0x000000008a900000, 0x000000008a800000| Untracked 
| 169|0x000000008a900000, 0x000000008aa00000, 0x000000008aa00000|100%| O|  |TAMS 0x000000008aa00000, 0x000000008a900000| Untracked 
| 170|0x000000008aa00000, 0x000000008ab00000, 0x000000008ab00000|100%| O|  |TAMS 0x000000008ab00000, 0x000000008aa00000| Untracked 
| 171|0x000000008ab00000, 0x000000008ac00000, 0x000000008ac00000|100%| O|  |TAMS 0x000000008ac00000, 0x000000008ab00000| Untracked 
| 172|0x000000008ac00000, 0x000000008ac00000, 0x000000008ad00000|  0%| F|  |TAMS 0x000000008ac00000, 0x000000008ac00000| Untracked 
| 173|0x000000008ad00000, 0x000000008ad00000, 0x000000008ae00000|  0%| F|  |TAMS 0x000000008ad00000, 0x000000008ad00000| Untracked 
| 174|0x000000008ae00000, 0x000000008ae00000, 0x000000008af00000|  0%| F|  |TAMS 0x000000008ae00000, 0x000000008ae00000| Untracked 
| 175|0x000000008af00000, 0x000000008b000000, 0x000000008b000000|100%|HS|  |TAMS 0x000000008b000000, 0x000000008af00000| Complete 
| 176|0x000000008b000000, 0x000000008b100000, 0x000000008b100000|100%| O|  |TAMS 0x000000008b100000, 0x000000008b000000| Updating 
| 177|0x000000008b100000, 0x000000008b200000, 0x000000008b200000|100%| O|  |TAMS 0x000000008b200000, 0x000000008b100000| Untracked 
| 178|0x000000008b200000, 0x000000008b300000, 0x000000008b300000|100%| O|  |TAMS 0x000000008b300000, 0x000000008b200000| Untracked 
| 179|0x000000008b300000, 0x000000008b400000, 0x000000008b400000|100%| O|  |TAMS 0x000000008b400000, 0x000000008b300000| Untracked 
| 180|0x000000008b400000, 0x000000008b500000, 0x000000008b500000|100%| O|  |TAMS 0x000000008b500000, 0x000000008b400000| Updating 
| 181|0x000000008b500000, 0x000000008b600000, 0x000000008b600000|100%| O|  |TAMS 0x000000008b600000, 0x000000008b500000| Updating 
| 182|0x000000008b600000, 0x000000008b700000, 0x000000008b700000|100%| O|  |TAMS 0x000000008b700000, 0x000000008b600000| Updating 
| 183|0x000000008b700000, 0x000000008b800000, 0x000000008b800000|100%| O|  |TAMS 0x000000008b800000, 0x000000008b700000| Updating 
| 184|0x000000008b800000, 0x000000008b900000, 0x000000008b900000|100%| O|  |TAMS 0x000000008b900000, 0x000000008b800000| Updating 
| 185|0x000000008b900000, 0x000000008ba00000, 0x000000008ba00000|100%| O|  |TAMS 0x000000008ba00000, 0x000000008b900000| Updating 
| 186|0x000000008ba00000, 0x000000008bb00000, 0x000000008bb00000|100%| O|  |TAMS 0x000000008bb00000, 0x000000008ba00000| Updating 
| 187|0x000000008bb00000, 0x000000008bc00000, 0x000000008bc00000|100%| O|  |TAMS 0x000000008bc00000, 0x000000008bb00000| Updating 
| 188|0x000000008bc00000, 0x000000008bd00000, 0x000000008bd00000|100%| O|  |TAMS 0x000000008bd00000, 0x000000008bc00000| Updating 
| 189|0x000000008bd00000, 0x000000008be00000, 0x000000008be00000|100%| O|  |TAMS 0x000000008be00000, 0x000000008bd00000| Untracked 
| 190|0x000000008be00000, 0x000000008bf00000, 0x000000008bf00000|100%| O|  |TAMS 0x000000008bf00000, 0x000000008be00000| Updating 
| 191|0x000000008bf00000, 0x000000008c000000, 0x000000008c000000|100%| O|  |TAMS 0x000000008c000000, 0x000000008bf00000| Untracked 
| 192|0x000000008c000000, 0x000000008c100000, 0x000000008c100000|100%| O|  |TAMS 0x000000008c100000, 0x000000008c000000| Untracked 
| 193|0x000000008c100000, 0x000000008c200000, 0x000000008c200000|100%| O|  |TAMS 0x000000008c200000, 0x000000008c100000| Updating 
| 194|0x000000008c200000, 0x000000008c300000, 0x000000008c300000|100%| O|  |TAMS 0x000000008c300000, 0x000000008c200000| Untracked 
| 195|0x000000008c300000, 0x000000008c400000, 0x000000008c400000|100%| O|  |TAMS 0x000000008c400000, 0x000000008c300000| Untracked 
| 196|0x000000008c400000, 0x000000008c500000, 0x000000008c500000|100%| O|  |TAMS 0x000000008c500000, 0x000000008c400000| Updating 
| 197|0x000000008c500000, 0x000000008c600000, 0x000000008c600000|100%| O|  |TAMS 0x000000008c600000, 0x000000008c500000| Updating 
| 198|0x000000008c600000, 0x000000008c700000, 0x000000008c700000|100%| O|  |TAMS 0x000000008c700000, 0x000000008c600000| Updating 
| 199|0x000000008c700000, 0x000000008c800000, 0x000000008c800000|100%| O|  |TAMS 0x000000008c800000, 0x000000008c700000| Untracked 
| 200|0x000000008c800000, 0x000000008c900000, 0x000000008c900000|100%| O|  |TAMS 0x000000008c900000, 0x000000008c800000| Untracked 
| 201|0x000000008c900000, 0x000000008ca00000, 0x000000008ca00000|100%| O|  |TAMS 0x000000008ca00000, 0x000000008c900000| Updating 
| 202|0x000000008ca00000, 0x000000008cb00000, 0x000000008cb00000|100%| O|  |TAMS 0x000000008cb00000, 0x000000008ca00000| Untracked 
| 203|0x000000008cb00000, 0x000000008cc00000, 0x000000008cc00000|100%| O|  |TAMS 0x000000008cc00000, 0x000000008cb00000| Untracked 
| 204|0x000000008cc00000, 0x000000008cd00000, 0x000000008cd00000|100%| O|  |TAMS 0x000000008cd00000, 0x000000008cc00000| Untracked 
| 205|0x000000008cd00000, 0x000000008ce00000, 0x000000008ce00000|100%| O|  |TAMS 0x000000008ce00000, 0x000000008cd00000| Untracked 
| 206|0x000000008ce00000, 0x000000008cf00000, 0x000000008cf00000|100%| O|  |TAMS 0x000000008cf00000, 0x000000008ce00000| Updating 
| 207|0x000000008cf00000, 0x000000008d000000, 0x000000008d000000|100%| O|  |TAMS 0x000000008d000000, 0x000000008cf00000| Updating 
| 208|0x000000008d000000, 0x000000008d100000, 0x000000008d100000|100%| O|  |TAMS 0x000000008d100000, 0x000000008d000000| Untracked 
| 209|0x000000008d100000, 0x000000008d200000, 0x000000008d200000|100%| O|  |TAMS 0x000000008d200000, 0x000000008d100000| Untracked 
| 210|0x000000008d200000, 0x000000008d300000, 0x000000008d300000|100%| O|  |TAMS 0x000000008d300000, 0x000000008d200000| Updating 
| 211|0x000000008d300000, 0x000000008d400000, 0x000000008d400000|100%| O|  |TAMS 0x000000008d400000, 0x000000008d300000| Untracked 
| 212|0x000000008d400000, 0x000000008d500000, 0x000000008d500000|100%| O|  |TAMS 0x000000008d500000, 0x000000008d400000| Untracked 
| 213|0x000000008d500000, 0x000000008d600000, 0x000000008d600000|100%| O|  |TAMS 0x000000008d600000, 0x000000008d500000| Updating 
| 214|0x000000008d600000, 0x000000008d700000, 0x000000008d700000|100%| O|  |TAMS 0x000000008d700000, 0x000000008d600000| Untracked 
| 215|0x000000008d700000, 0x000000008d800000, 0x000000008d800000|100%| O|  |TAMS 0x000000008d800000, 0x000000008d700000| Untracked 
| 216|0x000000008d800000, 0x000000008d900000, 0x000000008d900000|100%| O|  |TAMS 0x000000008d900000, 0x000000008d800000| Untracked 
| 217|0x000000008d900000, 0x000000008da00000, 0x000000008da00000|100%| O|  |TAMS 0x000000008da00000, 0x000000008d900000| Updating 
| 218|0x000000008da00000, 0x000000008db00000, 0x000000008db00000|100%| O|  |TAMS 0x000000008db00000, 0x000000008da00000| Untracked 
| 219|0x000000008db00000, 0x000000008dc00000, 0x000000008dc00000|100%| O|  |TAMS 0x000000008dc00000, 0x000000008db00000| Untracked 
| 220|0x000000008dc00000, 0x000000008dd00000, 0x000000008dd00000|100%| O|  |TAMS 0x000000008dd00000, 0x000000008dc00000| Updating 
| 221|0x000000008dd00000, 0x000000008de00000, 0x000000008de00000|100%| O|  |TAMS 0x000000008de00000, 0x000000008dd00000| Untracked 
| 222|0x000000008de00000, 0x000000008df00000, 0x000000008df00000|100%| O|  |TAMS 0x000000008df00000, 0x000000008de00000| Untracked 
| 223|0x000000008df00000, 0x000000008e000000, 0x000000008e000000|100%| O|  |TAMS 0x000000008e000000, 0x000000008df00000| Untracked 
| 224|0x000000008e000000, 0x000000008e100000, 0x000000008e100000|100%| O|  |TAMS 0x000000008e100000, 0x000000008e000000| Updating 
| 225|0x000000008e100000, 0x000000008e200000, 0x000000008e200000|100%| O|  |TAMS 0x000000008e200000, 0x000000008e100000| Updating 
| 226|0x000000008e200000, 0x000000008e300000, 0x000000008e300000|100%| O|  |TAMS 0x000000008e280000, 0x000000008e200000| Updating 
| 227|0x000000008e300000, 0x000000008e400000, 0x000000008e400000|100%| O|  |TAMS 0x000000008e300000, 0x000000008e300000| Untracked 
| 228|0x000000008e400000, 0x000000008e500000, 0x000000008e500000|100%| O|  |TAMS 0x000000008e400000, 0x000000008e400000| Untracked 
| 229|0x000000008e500000, 0x000000008e600000, 0x000000008e600000|100%| O|  |TAMS 0x000000008e500000, 0x000000008e500000| Untracked 
| 230|0x000000008e600000, 0x000000008e700000, 0x000000008e700000|100%| O|  |TAMS 0x000000008e600000, 0x000000008e600000| Untracked 
| 231|0x000000008e700000, 0x000000008e800000, 0x000000008e800000|100%| O|  |TAMS 0x000000008e700000, 0x000000008e700000| Untracked 
| 232|0x000000008e800000, 0x000000008e900000, 0x000000008e900000|100%| O|  |TAMS 0x000000008e800000, 0x000000008e800000| Untracked 
| 233|0x000000008e900000, 0x000000008ea00000, 0x000000008ea00000|100%| O|  |TAMS 0x000000008e900000, 0x000000008e900000| Untracked 
| 234|0x000000008ea00000, 0x000000008ea00000, 0x000000008eb00000|  0%| F|  |TAMS 0x000000008ea00000, 0x000000008ea00000| Untracked 
| 235|0x000000008eb00000, 0x000000008eb00000, 0x000000008ec00000|  0%| F|  |TAMS 0x000000008eb00000, 0x000000008eb00000| Untracked 
| 236|0x000000008ec00000, 0x000000008ec00000, 0x000000008ed00000|  0%| F|  |TAMS 0x000000008ec00000, 0x000000008ec00000| Untracked 
| 237|0x000000008ed00000, 0x000000008ed00000, 0x000000008ee00000|  0%| F|  |TAMS 0x000000008ed00000, 0x000000008ed00000| Untracked 
| 238|0x000000008ee00000, 0x000000008ee00000, 0x000000008ef00000|  0%| F|  |TAMS 0x000000008ee00000, 0x000000008ee00000| Untracked 
| 239|0x000000008ef00000, 0x000000008ef00000, 0x000000008f000000|  0%| F|  |TAMS 0x000000008ef00000, 0x000000008ef00000| Untracked 
| 240|0x000000008f000000, 0x000000008f000000, 0x000000008f100000|  0%| F|  |TAMS 0x000000008f000000, 0x000000008f000000| Untracked 
| 241|0x000000008f100000, 0x000000008f100000, 0x000000008f200000|  0%| F|  |TAMS 0x000000008f100000, 0x000000008f100000| Untracked 
| 242|0x000000008f200000, 0x000000008f200000, 0x000000008f300000|  0%| F|  |TAMS 0x000000008f200000, 0x000000008f200000| Untracked 
| 243|0x000000008f300000, 0x000000008f300000, 0x000000008f400000|  0%| F|  |TAMS 0x000000008f300000, 0x000000008f300000| Untracked 
| 244|0x000000008f400000, 0x000000008f400000, 0x000000008f500000|  0%| F|  |TAMS 0x000000008f400000, 0x000000008f400000| Untracked 
| 245|0x000000008f500000, 0x000000008f500000, 0x000000008f600000|  0%| F|  |TAMS 0x000000008f500000, 0x000000008f500000| Untracked 
| 246|0x000000008f600000, 0x000000008f600000, 0x000000008f700000|  0%| F|  |TAMS 0x000000008f600000, 0x000000008f600000| Untracked 
| 247|0x000000008f700000, 0x000000008f700000, 0x000000008f800000|  0%| F|  |TAMS 0x000000008f700000, 0x000000008f700000| Untracked 
| 248|0x000000008f800000, 0x000000008f800000, 0x000000008f900000|  0%| F|  |TAMS 0x000000008f800000, 0x000000008f800000| Untracked 
| 249|0x000000008f900000, 0x000000008f900000, 0x000000008fa00000|  0%| F|  |TAMS 0x000000008f900000, 0x000000008f900000| Untracked 
| 250|0x000000008fa00000, 0x000000008fa00000, 0x000000008fb00000|  0%| F|  |TAMS 0x000000008fa00000, 0x000000008fa00000| Untracked 
| 251|0x000000008fb00000, 0x000000008fb00000, 0x000000008fc00000|  0%| F|  |TAMS 0x000000008fb00000, 0x000000008fb00000| Untracked 
| 252|0x000000008fc00000, 0x000000008fc00000, 0x000000008fd00000|  0%| F|  |TAMS 0x000000008fc00000, 0x000000008fc00000| Untracked 
| 253|0x000000008fd00000, 0x000000008fd00000, 0x000000008fe00000|  0%| F|  |TAMS 0x000000008fd00000, 0x000000008fd00000| Untracked 
| 254|0x000000008fe00000, 0x000000008fe00000, 0x000000008ff00000|  0%| F|  |TAMS 0x000000008fe00000, 0x000000008fe00000| Untracked 
| 255|0x000000008ff00000, 0x000000008ff00000, 0x0000000090000000|  0%| F|  |TAMS 0x000000008ff00000, 0x000000008ff00000| Untracked 
| 256|0x0000000090000000, 0x0000000090000000, 0x0000000090100000|  0%| F|  |TAMS 0x0000000090000000, 0x0000000090000000| Untracked 
| 257|0x0000000090100000, 0x0000000090100000, 0x0000000090200000|  0%| F|  |TAMS 0x0000000090100000, 0x0000000090100000| Untracked 
| 258|0x0000000090200000, 0x0000000090200000, 0x0000000090300000|  0%| F|  |TAMS 0x0000000090200000, 0x0000000090200000| Untracked 
| 259|0x0000000090300000, 0x0000000090300000, 0x0000000090400000|  0%| F|  |TAMS 0x0000000090300000, 0x0000000090300000| Untracked 
| 260|0x0000000090400000, 0x0000000090400000, 0x0000000090500000|  0%| F|  |TAMS 0x0000000090400000, 0x0000000090400000| Untracked 
| 261|0x0000000090500000, 0x0000000090500000, 0x0000000090600000|  0%| F|  |TAMS 0x0000000090500000, 0x0000000090500000| Untracked 
| 262|0x0000000090600000, 0x0000000090600000, 0x0000000090700000|  0%| F|  |TAMS 0x0000000090600000, 0x0000000090600000| Untracked 
| 263|0x0000000090700000, 0x0000000090700000, 0x0000000090800000|  0%| F|  |TAMS 0x0000000090700000, 0x0000000090700000| Untracked 
| 264|0x0000000090800000, 0x0000000090800000, 0x0000000090900000|  0%| F|  |TAMS 0x0000000090800000, 0x0000000090800000| Untracked 
| 265|0x0000000090900000, 0x0000000090900000, 0x0000000090a00000|  0%| F|  |TAMS 0x0000000090900000, 0x0000000090900000| Untracked 
| 266|0x0000000090a00000, 0x0000000090a00000, 0x0000000090b00000|  0%| F|  |TAMS 0x0000000090a00000, 0x0000000090a00000| Untracked 
| 267|0x0000000090b00000, 0x0000000090b00000, 0x0000000090c00000|  0%| F|  |TAMS 0x0000000090b00000, 0x0000000090b00000| Untracked 
| 268|0x0000000090c00000, 0x0000000090c00000, 0x0000000090d00000|  0%| F|  |TAMS 0x0000000090c00000, 0x0000000090c00000| Untracked 
| 269|0x0000000090d00000, 0x0000000090d00000, 0x0000000090e00000|  0%| F|  |TAMS 0x0000000090d00000, 0x0000000090d00000| Untracked 
| 270|0x0000000090e00000, 0x0000000090e00000, 0x0000000090f00000|  0%| F|  |TAMS 0x0000000090e00000, 0x0000000090e00000| Untracked 
| 271|0x0000000090f00000, 0x0000000090f00000, 0x0000000091000000|  0%| F|  |TAMS 0x0000000090f00000, 0x0000000090f00000| Untracked 
| 272|0x0000000091000000, 0x0000000091000000, 0x0000000091100000|  0%| F|  |TAMS 0x0000000091000000, 0x0000000091000000| Untracked 
| 273|0x0000000091100000, 0x0000000091100000, 0x0000000091200000|  0%| F|  |TAMS 0x0000000091100000, 0x0000000091100000| Untracked 
| 274|0x0000000091200000, 0x0000000091200000, 0x0000000091300000|  0%| F|  |TAMS 0x0000000091200000, 0x0000000091200000| Untracked 
| 275|0x0000000091300000, 0x0000000091300000, 0x0000000091400000|  0%| F|  |TAMS 0x0000000091300000, 0x0000000091300000| Untracked 
| 276|0x0000000091400000, 0x0000000091400000, 0x0000000091500000|  0%| F|  |TAMS 0x0000000091400000, 0x0000000091400000| Untracked 
| 277|0x0000000091500000, 0x0000000091500000, 0x0000000091600000|  0%| F|  |TAMS 0x0000000091500000, 0x0000000091500000| Untracked 
| 278|0x0000000091600000, 0x0000000091600000, 0x0000000091700000|  0%| F|  |TAMS 0x0000000091600000, 0x0000000091600000| Untracked 
| 279|0x0000000091700000, 0x0000000091700000, 0x0000000091800000|  0%| F|  |TAMS 0x0000000091700000, 0x0000000091700000| Untracked 
| 280|0x0000000091800000, 0x0000000091800000, 0x0000000091900000|  0%| F|  |TAMS 0x0000000091800000, 0x0000000091800000| Untracked 
| 281|0x0000000091900000, 0x0000000091900000, 0x0000000091a00000|  0%| F|  |TAMS 0x0000000091900000, 0x0000000091900000| Untracked 
| 282|0x0000000091a00000, 0x0000000091a00000, 0x0000000091b00000|  0%| F|  |TAMS 0x0000000091a00000, 0x0000000091a00000| Untracked 
| 283|0x0000000091b00000, 0x0000000091b00000, 0x0000000091c00000|  0%| F|  |TAMS 0x0000000091b00000, 0x0000000091b00000| Untracked 
| 284|0x0000000091c00000, 0x0000000091c00000, 0x0000000091d00000|  0%| F|  |TAMS 0x0000000091c00000, 0x0000000091c00000| Untracked 
| 285|0x0000000091d00000, 0x0000000091d00000, 0x0000000091e00000|  0%| F|  |TAMS 0x0000000091d00000, 0x0000000091d00000| Untracked 
| 286|0x0000000091e00000, 0x0000000091e00000, 0x0000000091f00000|  0%| F|  |TAMS 0x0000000091e00000, 0x0000000091e00000| Untracked 
| 287|0x0000000091f00000, 0x0000000091f00000, 0x0000000092000000|  0%| F|  |TAMS 0x0000000091f00000, 0x0000000091f00000| Untracked 
| 288|0x0000000092000000, 0x0000000092000000, 0x0000000092100000|  0%| F|  |TAMS 0x0000000092000000, 0x0000000092000000| Untracked 
| 289|0x0000000092100000, 0x0000000092200000, 0x0000000092200000|100%| S|CS|TAMS 0x0000000092100000, 0x0000000092100000| Complete 
| 290|0x0000000092200000, 0x0000000092300000, 0x0000000092300000|100%| S|CS|TAMS 0x0000000092200000, 0x0000000092200000| Complete 
| 291|0x0000000092300000, 0x0000000092400000, 0x0000000092400000|100%| S|CS|TAMS 0x0000000092300000, 0x0000000092300000| Complete 
| 292|0x0000000092400000, 0x0000000092400000, 0x0000000092500000|  0%| F|  |TAMS 0x0000000092400000, 0x0000000092400000| Untracked 
| 293|0x0000000092500000, 0x0000000092500000, 0x0000000092600000|  0%| F|  |TAMS 0x0000000092500000, 0x0000000092500000| Untracked 
| 294|0x0000000092600000, 0x0000000092600000, 0x0000000092700000|  0%| F|  |TAMS 0x0000000092600000, 0x0000000092600000| Untracked 
| 295|0x0000000092700000, 0x0000000092700000, 0x0000000092800000|  0%| F|  |TAMS 0x0000000092700000, 0x0000000092700000| Untracked 
| 296|0x0000000092800000, 0x0000000092800000, 0x0000000092900000|  0%| F|  |TAMS 0x0000000092800000, 0x0000000092800000| Untracked 
| 297|0x0000000092900000, 0x0000000092900000, 0x0000000092a00000|  0%| F|  |TAMS 0x0000000092900000, 0x0000000092900000| Untracked 
| 298|0x0000000092a00000, 0x0000000092a00000, 0x0000000092b00000|  0%| F|  |TAMS 0x0000000092a00000, 0x0000000092a00000| Untracked 
| 299|0x0000000092b00000, 0x0000000092b00000, 0x0000000092c00000|  0%| F|  |TAMS 0x0000000092b00000, 0x0000000092b00000| Untracked 
| 300|0x0000000092c00000, 0x0000000092c00000, 0x0000000092d00000|  0%| F|  |TAMS 0x0000000092c00000, 0x0000000092c00000| Untracked 
| 301|0x0000000092d00000, 0x0000000092d00000, 0x0000000092e00000|  0%| F|  |TAMS 0x0000000092d00000, 0x0000000092d00000| Untracked 
| 302|0x0000000092e00000, 0x0000000092e00000, 0x0000000092f00000|  0%| F|  |TAMS 0x0000000092e00000, 0x0000000092e00000| Untracked 
| 303|0x0000000092f00000, 0x0000000092f00000, 0x0000000093000000|  0%| F|  |TAMS 0x0000000092f00000, 0x0000000092f00000| Untracked 
| 304|0x0000000093000000, 0x0000000093000000, 0x0000000093100000|  0%| F|  |TAMS 0x0000000093000000, 0x0000000093000000| Untracked 
| 305|0x0000000093100000, 0x0000000093100000, 0x0000000093200000|  0%| F|  |TAMS 0x0000000093100000, 0x0000000093100000| Untracked 
| 306|0x0000000093200000, 0x0000000093200000, 0x0000000093300000|  0%| F|  |TAMS 0x0000000093200000, 0x0000000093200000| Untracked 
| 307|0x0000000093300000, 0x0000000093300000, 0x0000000093400000|  0%| F|  |TAMS 0x0000000093300000, 0x0000000093300000| Untracked 
| 308|0x0000000093400000, 0x000000009345d1a0, 0x0000000093500000| 36%| E|  |TAMS 0x0000000093400000, 0x0000000093400000| Complete 
| 309|0x0000000093500000, 0x0000000093600000, 0x0000000093600000|100%| E|CS|TAMS 0x0000000093500000, 0x0000000093500000| Complete 
| 310|0x0000000093600000, 0x0000000093700000, 0x0000000093700000|100%| E|CS|TAMS 0x0000000093600000, 0x0000000093600000| Complete 
| 311|0x0000000093700000, 0x0000000093800000, 0x0000000093800000|100%| E|CS|TAMS 0x0000000093700000, 0x0000000093700000| Complete 
| 312|0x0000000093800000, 0x0000000093900000, 0x0000000093900000|100%| E|CS|TAMS 0x0000000093800000, 0x0000000093800000| Complete 
| 313|0x0000000093900000, 0x0000000093a00000, 0x0000000093a00000|100%| E|CS|TAMS 0x0000000093900000, 0x0000000093900000| Complete 
| 314|0x0000000093a00000, 0x0000000093b00000, 0x0000000093b00000|100%| E|CS|TAMS 0x0000000093a00000, 0x0000000093a00000| Complete 
| 315|0x0000000093b00000, 0x0000000093c00000, 0x0000000093c00000|100%| E|CS|TAMS 0x0000000093b00000, 0x0000000093b00000| Complete 
| 316|0x0000000093c00000, 0x0000000093d00000, 0x0000000093d00000|100%| E|CS|TAMS 0x0000000093c00000, 0x0000000093c00000| Complete 

Card table byte_map: [0x000002014b180000,0x000002014b580000] _byte_map_base: 0x000002014ad80000

Marking Bits (Prev, Next): (CMBitMap*) 0x0000020138909b30, (CMBitMap*) 0x0000020138909af0
 Prev Bits: [0x000002014d980000, 0x000002014f980000)
 Next Bits: [0x000002014b980000, 0x000002014d980000)

Polling page: 0x0000020136c10000

Metaspace:

Usage:
  Non-class:    111.49 MB used.
      Class:     17.54 MB used.
       Both:    129.03 MB used.

Virtual space:
  Non-class space:      128.00 MB reserved,     111.94 MB ( 87%) committed,  2 nodes.
      Class space:        1.00 GB reserved,      17.94 MB (  2%) committed,  1 nodes.
             Both:        1.12 GB reserved,     129.88 MB ( 11%) committed. 

Chunk freelists:
   Non-Class:  82.00 KB
       Class:  14.11 MB
        Both:  14.19 MB

MaxMetaspaceSize: unlimited
CompressedClassSpaceSize: 1.00 GB
Initial GC threshold: 21.00 MB
Current GC threshold: 213.25 MB
CDS: off
MetaspaceReclaimPolicy: balanced
 - commit_granule_bytes: 65536.
 - commit_granule_words: 8192.
 - virtual_space_node_default_size: 8388608.
 - enlarge_chunks_in_place: 1.
 - new_chunks_are_fully_committed: 0.
 - uncommit_free_chunks: 1.
 - use_allocation_guard: 0.
 - handle_deallocations: 1.


Internal statistics:

num_allocs_failed_limit: 6.
num_arena_births: 1376.
num_arena_deaths: 6.
num_vsnodes_births: 3.
num_vsnodes_deaths: 0.
num_space_committed: 2076.
num_space_uncommitted: 0.
num_chunks_returned_to_freelist: 14.
num_chunks_taken_from_freelist: 6410.
num_chunk_merges: 6.
num_chunk_splits: 4333.
num_chunks_enlarged: 2987.
num_inconsistent_stats: 0.

CodeHeap 'non-profiled nmethods': size=120000Kb used=10943Kb max_used=10943Kb free=109056Kb
 bounds [0x0000020143850000, 0x0000020144300000, 0x000002014ad80000]
CodeHeap 'profiled nmethods': size=120000Kb used=30527Kb max_used=30527Kb free=89472Kb
 bounds [0x000002013bd80000, 0x000002013db50000, 0x00000201432b0000]
CodeHeap 'non-nmethods': size=5760Kb used=1767Kb max_used=1816Kb free=3992Kb
 bounds [0x00000201432b0000, 0x0000020143520000, 0x0000020143850000]
 total_blobs=16560 nmethods=15704 adapters=768
 compilation: enabled
              stopped_count=0, restarted_count=0
 full_count=0

Compilation events (20 events):
Event: 52.353 Thread 0x00000201562cedd0 nmethod 19135 0x00000201442fbb10 code [0x00000201442fbc80, 0x00000201442fbd38]
Event: 52.407 Thread 0x00000201560859c0 19136 %     4       java.util.IdentityHashMap::resize @ 58 (153 bytes)
Event: 52.417 Thread 0x00000201560859c0 nmethod 19136% 0x00000201442fbe10 code [0x00000201442fbfc0, 0x00000201442fc808]
Event: 52.422 Thread 0x00000201562cedd0 19137       4       java.util.IdentityHashMap::resize (153 bytes)
Event: 52.433 Thread 0x00000201562cedd0 nmethod 19137 0x00000201442fcb10 code [0x00000201442fcca0, 0x00000201442fd5e8]
Event: 52.456 Thread 0x00000201560a14c0 19138       3       com.android.tools.r8.synthesis.o::a (43 bytes)
Event: 52.456 Thread 0x00000201560a14c0 nmethod 19138 0x000002013db4f910 code [0x000002013db4fac0, 0x000002013db4fd08]
Event: 52.470 Thread 0x00000201562cedd0 19139       4       com.android.tools.r8.utils.structural.l::a (2 bytes)
Event: 52.470 Thread 0x00000201562cedd0 nmethod 19139 0x00000201442fd910 code [0x00000201442fda80, 0x00000201442fdaf8]
Event: 52.484 Thread 0x00000201560859c0 19140       4       com.android.tools.r8.utils.structural.l::a (39 bytes)
Event: 52.495 Thread 0x00000201560859c0 nmethod 19140 0x00000201442fdc10 code [0x00000201442fde00, 0x00000201442fe5d0]
Event: 52.504 Thread 0x00000201562cedd0 19141       4       com.android.tools.r8.graph.k3::g (25 bytes)
Event: 52.506 Thread 0x00000201562cedd0 nmethod 19141 0x00000201442fed10 code [0x00000201442feea0, 0x00000201442ff018]
Event: 52.515 Thread 0x00000201562cedd0 19142       4       com.android.tools.r8.graph.k3::c (25 bytes)
Event: 52.517 Thread 0x00000201562cedd0 nmethod 19142 0x00000201442ff110 code [0x00000201442ff2a0, 0x00000201442ff418]
Event: 52.523 Thread 0x00000201560859c0 19143       4       com.android.tools.r8.internal.sg0$$Lambda$2521/0x00000001011e1a00::<init> (15 bytes)
Event: 52.524 Thread 0x00000201560859c0 nmethod 19143 0x00000201442ff510 code [0x00000201442ff680, 0x00000201442ff8b8]
Event: 52.532 Thread 0x00000201562cedd0 19144       4       com.android.tools.r8.internal.sg0$$Lambda$2521/0x00000001011e1a00::apply (16 bytes)
Event: 52.533 Thread 0x00000201562cedd0 nmethod 19144 0x00000201442ff910 code [0x00000201442ffaa0, 0x00000201442ffba8]
Event: 52.537 Thread 0x00000201560859c0 19145       4       com.android.tools.r8.internal.sg0::a (652 bytes)

GC Heap History (20 events):
Event: 32.579 GC heap before
{Heap before GC invocations=58 (full 0):
 garbage-first heap   total 324608K, used 221924K [0x0000000080000000, 0x0000000100000000)
  region size 1024K, 84 young (86016K), 9 survivors (9216K)
 Metaspace       used 111074K, committed 111936K, reserved 1179648K
  class space    used 14974K, committed 15360K, reserved 1048576K
}
Event: 32.592 GC heap after
{Heap after GC invocations=59 (full 0):
 garbage-first heap   total 324608K, used 145351K [0x0000000080000000, 0x0000000100000000)
  region size 1024K, 5 young (5120K), 5 survivors (5120K)
 Metaspace       used 111074K, committed 111936K, reserved 1179648K
  class space    used 14974K, committed 15360K, reserved 1048576K
}
Event: 35.550 GC heap before
{Heap before GC invocations=59 (full 0):
 garbage-first heap   total 324608K, used 229319K [0x0000000080000000, 0x0000000100000000)
  region size 1024K, 88 young (90112K), 5 survivors (5120K)
 Metaspace       used 113689K, committed 114496K, reserved 1179648K
  class space    used 15255K, committed 15680K, reserved 1048576K
}
Event: 35.561 GC heap after
{Heap after GC invocations=60 (full 0):
 garbage-first heap   total 324608K, used 147756K [0x0000000080000000, 0x0000000100000000)
  region size 1024K, 7 young (7168K), 7 survivors (7168K)
 Metaspace       used 113689K, committed 114496K, reserved 1179648K
  class space    used 15255K, committed 15680K, reserved 1048576K
}
Event: 37.247 GC heap before
{Heap before GC invocations=60 (full 0):
 garbage-first heap   total 324608K, used 237868K [0x0000000080000000, 0x0000000100000000)
  region size 1024K, 96 young (98304K), 7 survivors (7168K)
 Metaspace       used 115510K, committed 116352K, reserved 1179648K
  class space    used 15458K, committed 15872K, reserved 1048576K
}
Event: 37.261 GC heap after
{Heap after GC invocations=61 (full 0):
 garbage-first heap   total 324608K, used 154164K [0x0000000080000000, 0x0000000100000000)
  region size 1024K, 9 young (9216K), 9 survivors (9216K)
 Metaspace       used 115510K, committed 116352K, reserved 1179648K
  class space    used 15458K, committed 15872K, reserved 1048576K
}
Event: 38.724 GC heap before
{Heap before GC invocations=61 (full 0):
 garbage-first heap   total 324608K, used 246324K [0x0000000080000000, 0x0000000100000000)
  region size 1024K, 100 young (102400K), 9 survivors (9216K)
 Metaspace       used 124830K, committed 125696K, reserved 1179648K
  class space    used 16802K, committed 17216K, reserved 1048576K
}
Event: 38.743 GC heap after
{Heap after GC invocations=62 (full 0):
 garbage-first heap   total 324608K, used 156194K [0x0000000080000000, 0x0000000100000000)
  region size 1024K, 9 young (9216K), 9 survivors (9216K)
 Metaspace       used 124830K, committed 125696K, reserved 1179648K
  class space    used 16802K, committed 17216K, reserved 1048576K
}
Event: 40.446 GC heap before
{Heap before GC invocations=62 (full 0):
 garbage-first heap   total 324608K, used 219682K [0x0000000080000000, 0x0000000100000000)
  region size 1024K, 64 young (65536K), 9 survivors (9216K)
 Metaspace       used 130102K, committed 130944K, reserved 1179648K
  class space    used 17634K, committed 18048K, reserved 1048576K
}
Event: 40.459 GC heap after
{Heap after GC invocations=63 (full 0):
 garbage-first heap   total 324608K, used 169277K [0x0000000080000000, 0x0000000100000000)
  region size 1024K, 6 young (6144K), 6 survivors (6144K)
 Metaspace       used 130102K, committed 130944K, reserved 1179648K
  class space    used 17634K, committed 18048K, reserved 1048576K
}
Event: 44.453 GC heap before
{Heap before GC invocations=64 (full 0):
 garbage-first heap   total 324608K, used 276797K [0x0000000080000000, 0x0000000100000000)
  region size 1024K, 96 young (98304K), 6 survivors (6144K)
 Metaspace       used 131320K, committed 132160K, reserved 1179648K
  class space    used 17856K, committed 18240K, reserved 1048576K
}
Event: 44.506 GC heap after
{Heap after GC invocations=65 (full 0):
 garbage-first heap   total 324608K, used 200207K [0x0000000080000000, 0x0000000100000000)
  region size 1024K, 12 young (12288K), 12 survivors (12288K)
 Metaspace       used 131320K, committed 132160K, reserved 1179648K
  class space    used 17856K, committed 18240K, reserved 1048576K
}
Event: 44.529 GC heap before
{Heap before GC invocations=65 (full 0):
 garbage-first heap   total 324608K, used 203279K [0x0000000080000000, 0x0000000100000000)
  region size 1024K, 15 young (15360K), 12 survivors (12288K)
 Metaspace       used 131322K, committed 132160K, reserved 1179648K
  class space    used 17856K, committed 18240K, reserved 1048576K
}
Event: 44.556 GC heap after
{Heap after GC invocations=66 (full 0):
 garbage-first heap   total 324608K, used 190976K [0x0000000080000000, 0x0000000100000000)
  region size 1024K, 2 young (2048K), 2 survivors (2048K)
 Metaspace       used 131322K, committed 132160K, reserved 1179648K
  class space    used 17856K, committed 18240K, reserved 1048576K
}
Event: 46.922 GC heap before
{Heap before GC invocations=66 (full 0):
 garbage-first heap   total 324608K, used 250368K [0x0000000080000000, 0x0000000100000000)
  region size 1024K, 61 young (62464K), 2 survivors (2048K)
 Metaspace       used 131364K, committed 132224K, reserved 1179648K
  class space    used 17856K, committed 18240K, reserved 1048576K
}
Event: 46.980 GC heap after
{Heap after GC invocations=67 (full 0):
 garbage-first heap   total 324608K, used 220672K [0x0000000080000000, 0x0000000100000000)
  region size 1024K, 8 young (8192K), 8 survivors (8192K)
 Metaspace       used 131364K, committed 132224K, reserved 1179648K
  class space    used 17856K, committed 18240K, reserved 1048576K
}
Event: 51.300 GC heap before
{Heap before GC invocations=67 (full 0):
 garbage-first heap   total 324608K, used 256512K [0x0000000080000000, 0x0000000100000000)
  region size 1024K, 43 young (44032K), 8 survivors (8192K)
 Metaspace       used 131536K, committed 132352K, reserved 1179648K
  class space    used 17867K, committed 18240K, reserved 1048576K
}
Event: 51.335 GC heap after
{Heap after GC invocations=68 (full 0):
 garbage-first heap   total 324608K, used 238080K [0x0000000080000000, 0x0000000100000000)
  region size 1024K, 6 young (6144K), 6 survivors (6144K)
 Metaspace       used 131536K, committed 132352K, reserved 1179648K
  class space    used 17867K, committed 18240K, reserved 1048576K
}
Event: 52.094 GC heap before
{Heap before GC invocations=68 (full 0):
 garbage-first heap   total 324608K, used 263680K [0x0000000080000000, 0x0000000100000000)
  region size 1024K, 31 young (31744K), 6 survivors (6144K)
 Metaspace       used 132106K, committed 132992K, reserved 1179648K
  class space    used 17957K, committed 18368K, reserved 1048576K
}
Event: 52.119 GC heap after
{Heap after GC invocations=69 (full 0):
 garbage-first heap   total 324608K, used 242688K [0x0000000080000000, 0x0000000100000000)
  region size 1024K, 3 young (3072K), 3 survivors (3072K)
 Metaspace       used 132106K, committed 132992K, reserved 1179648K
  class space    used 17957K, committed 18368K, reserved 1048576K
}

Dll operation events (3 events):
Event: 0.008 Loaded shared library C:\Program Files\Android\Android Studio\jbr\bin\java.dll
Event: 0.111 Loaded shared library C:\Program Files\Android\Android Studio\jbr\bin\zip.dll
Event: 0.471 Loaded shared library C:\Program Files\Android\Android Studio\jbr\bin\verify.dll

Deoptimization events (20 events):
Event: 51.823 Thread 0x00000201581ec5d0 DEOPT PACKING pc=0x000002014425f068 sp=0x0000007387ffca10
Event: 51.824 Thread 0x00000201581ec5d0 DEOPT UNPACKING pc=0x000002014330a1a3 sp=0x0000007387ffc9b0 mode 2
Event: 51.824 Thread 0x00000201581ec5d0 Uncommon trap: trap_request=0xffffffde fr.pc=0x000002014425f068 relative=0x0000000000000548
Event: 51.824 Thread 0x00000201581ec5d0 Uncommon trap: reason=class_check action=maybe_recompile pc=0x000002014425f068 method=com.android.tools.r8.utils.structural.b.b(Ljava/util/function/Function;Lcom/android/tools/r8/utils/structural/v;Lcom/android/tools/r8/utils/structural/w;)Lcom/android/to
Event: 51.824 Thread 0x00000201581ec5d0 DEOPT PACKING pc=0x000002014425f068 sp=0x0000007387ffca10
Event: 51.824 Thread 0x00000201581ec5d0 DEOPT UNPACKING pc=0x000002014330a1a3 sp=0x0000007387ffc9b0 mode 2
Event: 51.824 Thread 0x00000201581ec5d0 Uncommon trap: trap_request=0xffffffde fr.pc=0x000002014425f068 relative=0x0000000000000548
Event: 51.824 Thread 0x00000201581ec5d0 Uncommon trap: reason=class_check action=maybe_recompile pc=0x000002014425f068 method=com.android.tools.r8.utils.structural.b.b(Ljava/util/function/Function;Lcom/android/tools/r8/utils/structural/v;Lcom/android/tools/r8/utils/structural/w;)Lcom/android/to
Event: 51.824 Thread 0x00000201581ec5d0 DEOPT PACKING pc=0x000002014425f068 sp=0x0000007387ffca10
Event: 51.828 Thread 0x00000201581ec5d0 DEOPT UNPACKING pc=0x000002014330a1a3 sp=0x0000007387ffc9b0 mode 2
Event: 51.828 Thread 0x00000201581ec5d0 Uncommon trap: trap_request=0xffffffde fr.pc=0x000002014425f068 relative=0x0000000000000548
Event: 51.828 Thread 0x00000201581ec5d0 Uncommon trap: reason=class_check action=maybe_recompile pc=0x000002014425f068 method=com.android.tools.r8.utils.structural.b.b(Ljava/util/function/Function;Lcom/android/tools/r8/utils/structural/v;Lcom/android/tools/r8/utils/structural/w;)Lcom/android/to
Event: 51.828 Thread 0x00000201581ec5d0 DEOPT PACKING pc=0x000002014425f068 sp=0x0000007387ffcc60
Event: 51.828 Thread 0x00000201581ec5d0 DEOPT UNPACKING pc=0x000002014330a1a3 sp=0x0000007387ffcc00 mode 2
Event: 51.924 Thread 0x00000201581ec5d0 DEOPT PACKING pc=0x000002013db16edd sp=0x0000007387ffd420
Event: 51.924 Thread 0x00000201581ec5d0 DEOPT UNPACKING pc=0x000002014330ace3 sp=0x0000007387ffc948 mode 0
Event: 52.185 Thread 0x00000201581ec5d0 DEOPT PACKING pc=0x000002013bea7ec4 sp=0x0000007387ffccf0
Event: 52.185 Thread 0x00000201581ec5d0 DEOPT UNPACKING pc=0x000002014330ace3 sp=0x0000007387ffc1c0 mode 0
Event: 52.440 Thread 0x00000201581ec5d0 DEOPT PACKING pc=0x000002013db20a55 sp=0x0000007387ffcbf0
Event: 52.440 Thread 0x00000201581ec5d0 DEOPT UNPACKING pc=0x000002014330ace3 sp=0x0000007387ffc0a8 mode 0

Classes unloaded (3 events):
Event: 28.217 Thread 0x0000020151c89ae0 Unloading class 0x0000000100e2c800 'java/lang/invoke/LambdaForm$DMH+0x0000000100e2c800'
Event: 28.217 Thread 0x0000020151c89ae0 Unloading class 0x0000000100e2c400 'java/lang/invoke/LambdaForm$DMH+0x0000000100e2c400'
Event: 52.557 Thread 0x0000020151c89ae0 Unloading class 0x00000001011b0400 'java/lang/invoke/LambdaForm$DMH+0x00000001011b0400'

Classes redefined (0 events):
No events

Internal exceptions (20 events):
Event: 40.130 Thread 0x00000201581e9d50 Exception <a 'sun/nio/fs/WindowsException'{0x0000000091189ef0}> (0x0000000091189ef0) 
thrown [s\src\hotspot\share\prims\jni.cpp, line 517]
Event: 40.181 Thread 0x00000201581e74d0 Exception <a 'sun/nio/fs/WindowsException'{0x00000000913f06d0}> (0x00000000913f06d0) 
thrown [s\src\hotspot\share\prims\jni.cpp, line 517]
Event: 40.246 Thread 0x00000201581ebbb0 Exception <a 'sun/nio/fs/WindowsException'{0x0000000090d2d2e8}> (0x0000000090d2d2e8) 
thrown [s\src\hotspot\share\prims\jni.cpp, line 517]
Event: 40.246 Thread 0x00000201581ebbb0 Exception <a 'sun/nio/fs/WindowsException'{0x0000000090d2d6a8}> (0x0000000090d2d6a8) 
thrown [s\src\hotspot\share\prims\jni.cpp, line 517]
Event: 40.246 Thread 0x00000201581ebbb0 Exception <a 'sun/nio/fs/WindowsException'{0x0000000090d2e6a0}> (0x0000000090d2e6a0) 
thrown [s\src\hotspot\share\prims\jni.cpp, line 517]
Event: 40.246 Thread 0x00000201581ebbb0 Exception <a 'sun/nio/fs/WindowsException'{0x0000000090d2ea70}> (0x0000000090d2ea70) 
thrown [s\src\hotspot\share\prims\jni.cpp, line 517]
Event: 40.423 Thread 0x00000201581e9d50 Implicit null exception at 0x0000020143be65a4 to 0x0000020143be69c4
Event: 40.423 Thread 0x00000201581e9d50 Implicit null exception at 0x00000201439d3a4b to 0x00000201439d3d6c
Event: 40.886 Thread 0x00000201581ec5d0 Exception <a 'sun/nio/fs/WindowsException'{0x0000000093712378}> (0x0000000093712378) 
thrown [s\src\hotspot\share\prims\jni.cpp, line 517]
Event: 40.890 Thread 0x0000020158348f60 Exception <a 'java/lang/NoSuchMethodError'{0x000000009376b380}: static Lorg/gradle/internal/build/event/types/DefaultTaskFailureResult;.<clinit>()V> (0x000000009376b380) 
thrown [s\src\hotspot\share\prims\jni.cpp, line 1108]
Event: 40.934 Thread 0x0000020158348f60 Exception <a 'java/lang/NoSuchMethodError'{0x00000000935b5c18}: static Lorg/gradle/internal/build/event/types/DefaultFailure;.<clinit>()V> (0x00000000935b5c18) 
thrown [s\src\hotspot\share\prims\jni.cpp, line 1108]
Event: 43.463 Thread 0x000002015959caa0 Implicit null exception at 0x0000020144186b4d to 0x0000020144187558
Event: 43.481 Thread 0x00000201595992f0 Implicit null exception at 0x00000201438c4c03 to 0x00000201438c4dc8
Event: 43.555 Thread 0x000002015959ee10 Exception <a 'java/lang/NoSuchMethodError'{0x000000008efd33c0}: 'long java.lang.invoke.DirectMethodHandle$Holder.invokeStatic(java.lang.Object, java.lang.Object, java.lang.Object)'> (0x000000008efd33c0) 
thrown [s\src\hotspot\share\interpreter\linkResolver.cpp, line 771]
Event: 43.555 Thread 0x00000201595992f0 Exception <a 'java/lang/NoSuchMethodError'{0x000000008efba9c0}: 'long java.lang.invoke.DirectMethodHandle$Holder.invokeStatic(java.lang.Object, java.lang.Object, java.lang.Object)'> (0x000000008efba9c0) 
thrown [s\src\hotspot\share\interpreter\linkResolver.cpp, line 771]
Event: 51.532 Thread 0x00000201581ec5d0 Exception <a 'java/lang/IncompatibleClassChangeError'{0x00000000931b5460}: Found class java.lang.Object, but interface was expected> (0x00000000931b5460) 
thrown [s\src\hotspot\share\interpreter\linkResolver.cpp, line 838]
Event: 51.545 Thread 0x00000201581ec5d0 Exception <a 'java/lang/NoSuchMethodError'{0x000000009306d290}: 'long java.lang.invoke.DirectMethodHandle$Holder.invokeStatic(java.lang.Object, java.lang.Object)'> (0x000000009306d290) 
thrown [s\src\hotspot\share\interpreter\linkResolver.cpp, line 771]
Event: 51.558 Thread 0x00000201581ec5d0 Exception <a 'java/lang/NoSuchMethodError'{0x00000000930c3bf8}: 'java.lang.Object java.lang.invoke.DirectMethodHandle$Holder.newInvokeSpecial(java.lang.Object, int, java.lang.Object, java.lang.Object)'> (0x00000000930c3bf8) 
thrown [s\src\hotspot\share\interpreter\linkResolver.cpp, line 771]
Event: 51.558 Thread 0x00000201581ec5d0 Exception <a 'java/lang/NoSuchMethodError'{0x00000000930c7c58}: 'java.lang.Object java.lang.invoke.DirectMethodHandle$Holder.invokeSpecial(java.lang.Object, java.lang.Object, int, java.lang.Object, java.lang.Object)'> (0x00000000930c7c58) 
thrown [s\src\hotspot\share\interpreter\linkResolver.cpp, line 771]
Event: 51.678 Thread 0x00000201581ec5d0 Implicit null exception at 0x00000201442a68d2 to 0x00000201442a69e4

VM Operations (20 events):
Event: 48.223 Executing VM operation: Cleanup done
Event: 50.236 Executing VM operation: Cleanup
Event: 50.270 Executing VM operation: Cleanup done
Event: 51.279 Executing VM operation: Cleanup
Event: 51.295 Executing VM operation: Cleanup done
Event: 51.300 Executing VM operation: G1CollectForAllocation
Event: 51.337 Executing VM operation: G1CollectForAllocation done
Event: 51.522 Executing VM operation: HandshakeAllThreads
Event: 51.522 Executing VM operation: HandshakeAllThreads done
Event: 51.529 Executing VM operation: HandshakeAllThreads
Event: 51.529 Executing VM operation: HandshakeAllThreads done
Event: 51.680 Executing VM operation: HandshakeAllThreads
Event: 51.680 Executing VM operation: HandshakeAllThreads done
Event: 51.756 Executing VM operation: ICBufferFull
Event: 51.756 Executing VM operation: ICBufferFull done
Event: 51.890 Executing VM operation: HandshakeAllThreads
Event: 51.891 Executing VM operation: HandshakeAllThreads done
Event: 52.094 Executing VM operation: G1CollectForAllocation
Event: 52.128 Executing VM operation: G1CollectForAllocation done
Event: 52.544 Executing VM operation: G1PauseRemark

Events (20 events):
Event: 43.465 Thread 0x000002015959f320 Thread added: 0x000002015959f320
Event: 43.468 Thread 0x000002015959ee10 Thread added: 0x000002015959ee10
Event: 43.555 loading class java/util/AbstractList$RandomAccessSubList
Event: 43.555 loading class java/util/AbstractList$RandomAccessSubList done
Event: 43.700 loading class java/nio/HeapShortBuffer
Event: 43.857 loading class java/nio/HeapShortBuffer done
Event: 44.653 Thread 0x00000201562d1300 Thread added: 0x00000201562d1300
Event: 46.465 Thread 0x00000201560b8350 flushing nmethod 0x000002013be68890
Event: 46.465 Thread 0x00000201560b8350 flushing nmethod 0x000002013bea7390
Event: 46.468 Thread 0x00000201560b8350 flushing nmethod 0x000002013bfab990
Event: 46.469 Thread 0x00000201560b8350 flushing nmethod 0x000002013c088b10
Event: 46.469 Thread 0x00000201560b8350 flushing nmethod 0x000002013c103290
Event: 46.469 Thread 0x00000201560b8350 flushing nmethod 0x000002013c105a10
Event: 46.469 Thread 0x00000201560b8350 flushing nmethod 0x000002013c14ce10
Event: 46.480 Thread 0x00000201560b8350 flushing nmethod 0x000002013ce88c90
Event: 46.484 Thread 0x00000201560b8350 flushing nmethod 0x000002013d485a90
Event: 46.486 Thread 0x00000201560b8350 flushing nmethod 0x000002013d7a4390
Event: 46.486 Thread 0x00000201560b8350 flushing nmethod 0x000002013d7a5d10
Event: 46.754 Thread 0x00000201562d1300 Thread exited: 0x00000201562d1300
Event: 51.346 Thread 0x00000201562cedd0 Thread added: 0x00000201562cedd0


Dynamic libraries:
0x00007ff620db0000 - 0x00007ff620dba000 	C:\Program Files\Android\Android Studio\jbr\bin\java.exe
0x00007ff9c17a0000 - 0x00007ff9c1a07000 	C:\WINDOWS\SYSTEM32\ntdll.dll
0x00007ff9c1040000 - 0x00007ff9c1109000 	C:\WINDOWS\System32\KERNEL32.DLL
0x00007ff9bf140000 - 0x00007ff9bf531000 	C:\WINDOWS\System32\KERNELBASE.dll
0x00007ff9bee80000 - 0x00007ff9befcb000 	C:\WINDOWS\System32\ucrtbase.dll
0x00007ff97a460000 - 0x00007ff97a47b000 	C:\Program Files\Android\Android Studio\jbr\bin\VCRUNTIME140.dll
0x00007ff971b90000 - 0x00007ff971ba7000 	C:\Program Files\Android\Android Studio\jbr\bin\jli.dll
0x00007ff9c09c0000 - 0x00007ff9c0b85000 	C:\WINDOWS\System32\USER32.dll
0x00007ff9be080000 - 0x00007ff9be0a7000 	C:\WINDOWS\System32\win32u.dll
0x00007ff99dfb0000 - 0x00007ff99e243000 	C:\WINDOWS\WinSxS\amd64_microsoft.windows.common-controls_6595b64144ccf1df_6.0.26100.8037_none_3e092faae333b53b\COMCTL32.dll
0x00007ff9c1280000 - 0x00007ff9c12ab000 	C:\WINDOWS\System32\GDI32.dll
0x00007ff9be140000 - 0x00007ff9be26b000 	C:\WINDOWS\System32\gdi32full.dll
0x00007ff9be270000 - 0x00007ff9be313000 	C:\WINDOWS\System32\msvcp_win.dll
0x00007ff9c07e0000 - 0x00007ff9c0889000 	C:\WINDOWS\System32\msvcrt.dll
0x00007ff9bffe0000 - 0x00007ff9c0011000 	C:\WINDOWS\System32\IMM32.DLL
0x00007ff9a6f70000 - 0x00007ff9a6f7c000 	C:\Program Files\Android\Android Studio\jbr\bin\vcruntime140_1.dll
0x00007ff97a3d0000 - 0x00007ff97a45d000 	C:\Program Files\Android\Android Studio\jbr\bin\msvcp140.dll
0x00007ff935bd0000 - 0x00007ff936853000 	C:\Program Files\Android\Android Studio\jbr\bin\server\jvm.dll
0x00007ff9c1110000 - 0x00007ff9c11cb000 	C:\WINDOWS\System32\ADVAPI32.dll
0x00007ff9c0650000 - 0x00007ff9c06f7000 	C:\WINDOWS\System32\sechost.dll
0x00007ff9c13d0000 - 0x00007ff9c14e8000 	C:\WINDOWS\System32\RPCRT4.dll
0x00007ff9bdee0000 - 0x00007ff9bdf3e000 	C:\WINDOWS\SYSTEM32\POWRPROF.dll
0x00007ff98bf10000 - 0x00007ff98bf1a000 	C:\WINDOWS\SYSTEM32\WSOCK32.dll
0x00007ff9c0fc0000 - 0x00007ff9c1034000 	C:\WINDOWS\System32\WS2_32.dll
0x00007ff9a94d0000 - 0x00007ff9a94db000 	C:\WINDOWS\SYSTEM32\VERSION.dll
0x00007ff9bbf30000 - 0x00007ff9bbf65000 	C:\WINDOWS\SYSTEM32\WINMM.dll
0x00007ff9bdec0000 - 0x00007ff9bded4000 	C:\WINDOWS\SYSTEM32\UMPDC.dll
0x00007ff9bce10000 - 0x00007ff9bce2b000 	C:\WINDOWS\SYSTEM32\kernel.appcore.dll
0x00007ff9a7040000 - 0x00007ff9a704a000 	C:\Program Files\Android\Android Studio\jbr\bin\jimage.dll
0x00007ff9bb770000 - 0x00007ff9bb9b2000 	C:\WINDOWS\SYSTEM32\DBGHELP.DLL
0x00007ff9c0b90000 - 0x00007ff9c0f12000 	C:\WINDOWS\System32\combase.dll
0x00007ff9c0700000 - 0x00007ff9c07d7000 	C:\WINDOWS\System32\OLEAUT32.dll
0x00007ff9a21f0000 - 0x00007ff9a222b000 	C:\WINDOWS\SYSTEM32\dbgcore.DLL
0x00007ff9befd0000 - 0x00007ff9bf075000 	C:\WINDOWS\System32\bcryptPrimitives.dll
0x00007ff9a4030000 - 0x00007ff9a403e000 	C:\Program Files\Android\Android Studio\jbr\bin\instrument.dll
0x00007ff98f280000 - 0x00007ff98f2a5000 	C:\Program Files\Android\Android Studio\jbr\bin\java.dll
0x00007ff97d5d0000 - 0x00007ff97d5e8000 	C:\Program Files\Android\Android Studio\jbr\bin\zip.dll
0x00007ff9bf540000 - 0x00007ff9bfc9f000 	C:\WINDOWS\System32\SHELL32.dll
0x00007ff9bed10000 - 0x00007ff9bee7a000 	C:\WINDOWS\System32\wintypes.dll
0x00007ff9be4a0000 - 0x00007ff9bed04000 	C:\WINDOWS\System32\windows.storage.dll
0x00007ff9c12d0000 - 0x00007ff9c13c7000 	C:\WINDOWS\System32\SHCORE.dll
0x00007ff9c0950000 - 0x00007ff9c09b7000 	C:\WINDOWS\System32\shlwapi.dll
0x00007ff9bdfa0000 - 0x00007ff9bdfc9000 	C:\WINDOWS\SYSTEM32\profapi.dll
0x00007ff97b450000 - 0x00007ff97b469000 	C:\Program Files\Android\Android Studio\jbr\bin\net.dll
0x00007ff9b0090000 - 0x00007ff9b01b7000 	C:\WINDOWS\SYSTEM32\WINHTTP.dll
0x00007ff9bd380000 - 0x00007ff9bd3eb000 	C:\WINDOWS\system32\mswsock.dll
0x00007ff97b3b0000 - 0x00007ff97b3c6000 	C:\Program Files\Android\Android Studio\jbr\bin\nio.dll
0x00007ff9a6b30000 - 0x00007ff9a6b40000 	C:\Program Files\Android\Android Studio\jbr\bin\verify.dll
0x00007ff9ba940000 - 0x00007ff9ba967000 	C:\Users\rayal\.gradle\native\c067742578af261105cb4f569cf0c3c89f3d7b1fecec35dd04571415982c5e48\windows-amd64\native-platform.dll
0x00007ff937cf0000 - 0x00007ff937e34000 	C:\Users\rayal\.gradle\native\38dada09dfb8b06ba9b0570ebf7e218e3eb74d4ef43ca46872605cf95ebc2f47\windows-amd64\native-platform-file-events.dll
0x00007ff9a7030000 - 0x00007ff9a7039000 	C:\Program Files\Android\Android Studio\jbr\bin\management.dll
0x00007ff9a6fc0000 - 0x00007ff9a6fcb000 	C:\Program Files\Android\Android Studio\jbr\bin\management_ext.dll
0x00007ff9bffd0000 - 0x00007ff9bffd8000 	C:\WINDOWS\System32\PSAPI.DLL
0x00007ff9bd660000 - 0x00007ff9bd67b000 	C:\WINDOWS\SYSTEM32\CRYPTSP.dll
0x00007ff9bcd70000 - 0x00007ff9bcda9000 	C:\WINDOWS\system32\rsaenh.dll
0x00007ff9bd430000 - 0x00007ff9bd462000 	C:\WINDOWS\SYSTEM32\USERENV.dll
0x00007ff9bdf70000 - 0x00007ff9bdf9a000 	C:\WINDOWS\SYSTEM32\bcrypt.dll
0x00007ff9bd680000 - 0x00007ff9bd68c000 	C:\WINDOWS\SYSTEM32\CRYPTBASE.dll
0x00007ff9bc870000 - 0x00007ff9bc8a3000 	C:\WINDOWS\SYSTEM32\IPHLPAPI.DLL
0x00007ff9c14f0000 - 0x00007ff9c14fa000 	C:\WINDOWS\System32\NSI.dll
0x00007ff9b0900000 - 0x00007ff9b091d000 	C:\WINDOWS\SYSTEM32\dhcpcsvc6.DLL
0x00007ff9b08d0000 - 0x00007ff9b08f3000 	C:\WINDOWS\SYSTEM32\dhcpcsvc.DLL
0x00007ff9bc8b0000 - 0x00007ff9bc9da000 	C:\WINDOWS\SYSTEM32\DNSAPI.dll
0x00007ff9685f0000 - 0x00007ff9685f8000 	C:\WINDOWS\system32\wshunix.dll
0x00007ff9964d0000 - 0x00007ff9964e8000 	C:\WINDOWS\system32\napinsp.dll
0x00007ff996380000 - 0x00007ff996392000 	C:\WINDOWS\System32\winrnr.dll
0x00007ff995e40000 - 0x00007ff995e62000 	C:\WINDOWS\system32\nlansp_c.dll
0x00007ff9a95c0000 - 0x00007ff9a95d6000 	C:\WINDOWS\system32\wshbth.dll
0x00007ff9aec90000 - 0x00007ff9aec9b000 	C:\Windows\System32\rasadhlp.dll
0x00007ff9b09c0000 - 0x00007ff9b0a46000 	C:\WINDOWS\System32\fwpuclnt.dll
0x00007ff9bcf30000 - 0x00007ff9bcf66000 	C:\WINDOWS\SYSTEM32\ntmarta.dll

dbghelp: loaded successfully - version: 4.0.5 - missing functions: none
symbol engine: initialized successfully - sym options: 0x614 - pdb path: .;C:\Program Files\Android\Android Studio\jbr\bin;C:\WINDOWS\SYSTEM32;C:\WINDOWS\WinSxS\amd64_microsoft.windows.common-controls_6595b64144ccf1df_6.0.26100.8037_none_3e092faae333b53b;C:\Program Files\Android\Android Studio\jbr\bin\server;C:\Users\rayal\.gradle\native\c067742578af261105cb4f569cf0c3c89f3d7b1fecec35dd04571415982c5e48\windows-amd64;C:\Users\rayal\.gradle\native\38dada09dfb8b06ba9b0570ebf7e218e3eb74d4ef43ca46872605cf95ebc2f47\windows-amd64

VM Arguments:
jvm_args: --add-opens=java.base/java.util=ALL-UNNAMED --add-opens=java.base/java.lang=ALL-UNNAMED --add-opens=java.base/java.lang.invoke=ALL-UNNAMED --add-opens=java.prefs/java.util.prefs=ALL-UNNAMED --add-opens=java.base/java.nio.charset=ALL-UNNAMED --add-opens=java.base/java.net=ALL-UNNAMED --add-opens=java.base/java.util.concurrent.atomic=ALL-UNNAMED -Xmx2048m -Dfile.encoding=UTF-8 -Duser.country=US -Duser.language=en -Duser.variant -javaagent:C:\Users\rayal\.gradle\wrapper\dists\gradle-8.4-bin\1w5dpkrfk8irigvoxmyhowfim\gradle-8.4\lib\agents\gradle-instrumentation-agent-8.4.jar 
java_command: org.gradle.launcher.daemon.bootstrap.GradleDaemon 8.4
java_class_path (initial): C:\Users\rayal\.gradle\wrapper\dists\gradle-8.4-bin\1w5dpkrfk8irigvoxmyhowfim\gradle-8.4\lib\gradle-launcher-8.4.jar
Launcher Type: SUN_STANDARD

[Global flags]
     intx CICompilerCount                          = 3                                         {product} {ergonomic}
     uint ConcGCThreads                            = 1                                         {product} {ergonomic}
     uint G1ConcRefinementThreads                  = 4                                         {product} {ergonomic}
   size_t G1HeapRegionSize                         = 1048576                                   {product} {ergonomic}
    uintx GCDrainStackTargetSize                   = 64                                        {product} {ergonomic}
   size_t InitialHeapSize                          = 132120576                                 {product} {ergonomic}
   size_t MarkStackSize                            = 4194304                                   {product} {ergonomic}
   size_t MaxHeapSize                              = 2147483648                                {product} {command line}
   size_t MaxNewSize                               = 1287651328                                {product} {ergonomic}
   size_t MinHeapDeltaBytes                        = 1048576                                   {product} {ergonomic}
   size_t MinHeapSize                              = 8388608                                   {product} {ergonomic}
    uintx NonNMethodCodeHeapSize                   = 5832780                                {pd product} {ergonomic}
    uintx NonProfiledCodeHeapSize                  = 122912730                              {pd product} {ergonomic}
    uintx ProfiledCodeHeapSize                     = 122912730                              {pd product} {ergonomic}
    uintx ReservedCodeCacheSize                    = 251658240                              {pd product} {ergonomic}
     bool SegmentedCodeCache                       = true                                      {product} {ergonomic}
   size_t SoftMaxHeapSize                          = 2147483648                             {manageable} {ergonomic}
     bool UseCompressedClassPointers               = true                           {product lp64_product} {ergonomic}
     bool UseCompressedOops                        = true                           {product lp64_product} {ergonomic}
     bool UseG1GC                                  = true                                      {product} {ergonomic}
     bool UseLargePagesIndividualAllocation        = false                                  {pd product} {ergonomic}

Logging:
Log output configuration:
 #0: stdout all=warning uptime,level,tags
 #1: stderr all=off uptime,level,tags

Environment Variables:
JAVA_HOME=C:\Program Files\OpenLogic\jdk-17.0.14.7-hotspot\
PATH=C:\Program Files\OpenLogic\jdk-17.0.14.7-hotspot\bin;C:\Users\rayal\AppData\Local\Programs\Python\Python312\Scripts;C:\Windows\System32\HWAudioDriverLibs;C:\Windows\system32;C:\Windows;C:\Windows\System32\Wbem;C:\Windows\System32\WindowsPowerShell\v1.0\;C:\Windows\System32\OpenSSH\;C:\Users\Administrator\AppData\Local\Microsoft\WindowsApps;C:\WINDOWS\system32;C:\WINDOWS;C:\WINDOWS\System32\Wbem;C:\WINDOWS\System32\WindowsPowerShell\v1.0\;C:\WINDOWS\System32\OpenSSH\;D:\Applications\Git\cmd;C:\Program Files\dotnet\;C:\Program Files (x86)\Windows Kits\10\Windows Performance Toolkit\;D:\Applications\nodejs\;D:\Applications\;C:\Users\rayal\AppData\Local\Programs\Python\Python312\Scripts;C:\Users\rayal\AppData\Local\Programs\Python\Launcher\;C:\Users\rayal\AppData\Local\Microsoft\WindowsApps;D:\Applications\Microsoft VS Code\bin;C:\Users\rayal\AppData\Local\Muse Hub\lib;C:\Users\rayal\AppData\Roaming\npm;C:\Users\rayal\AppData\Local\GitHubDesktop\bin
USERNAME=rayal
OS=Windows_NT
PROCESSOR_IDENTIFIER=Intel64 Family 6 Model 140 Stepping 1, GenuineIntel
TMP=C:\Users\rayal\AppData\Local\Temp
TEMP=C:\Users\rayal\AppData\Local\Temp



Periodic native trim disabled

JNI global refs:
JNI global refs: 26, weak refs: 0

JNI global refs memory usage: 843, weak refs: 841

OOME stack traces (most recent first):
Classloader memory used:
Loader org.gradle.internal.classloader.VisitableURLClassLoader$InstrumentingVisitableURLClassLoader: 6673K
Loader org.gradle.internal.classloader.VisitableURLClassLoader                         : 4916K
Loader bootstrap                                                                       : 3369K
Loader org.gradle.initialization.MixInLegacyTypesClassLoader                           : 1348K
Loader jdk.internal.reflect.DelegatingClassLoader                                      : 105K
Loader jdk.internal.loader.ClassLoaders$PlatformClassLoader                            : 68074B
Loader jdk.internal.loader.ClassLoaders$AppClassLoader                                 : 28458B
Loader org.gradle.internal.classloader.VisitableURLClassLoader                         : 8455B
Loader sun.reflect.misc.MethodUtil                                                     : 373B

Classes loaded by more than one classloader:
Class Program                                                                         : loaded 5 times (x 70B)
Class Build_gradle$1                                                                  : loaded 3 times (x 72B)
Class Build_gradle                                                                    : loaded 3 times (x 128B)
Class com.google.common.collect.Iterators$MergingIterator                             : loaded 2 times (x 79B)
Class com.google.common.io.Closer$SuppressingSuppressor                               : loaded 2 times (x 73B)
Class org.objectweb.asm.ModuleVisitor                                                 : loaded 2 times (x 79B)
Class com.google.common.io.ByteSource                                                 : loaded 2 times (x 82B)
Class [Lcom.google.common.collect.AbstractMapEntry;                                   : loaded 2 times (x 67B)
Class com.google.common.io.AppendableWriter                                           : loaded 2 times (x 98B)
Class com.google.common.collect.ImmutableRangeSet$AsSet                               : loaded 2 times (x 233B)
Class com.google.common.collect.SingletonImmutableList                                : loaded 2 times (x 167B)
Class com.google.common.cache.CacheLoader$SupplierToCacheLoader                       : loaded 2 times (x 73B)
Class org.gradle.internal.classpath.ClassPath                                         : loaded 2 times (x 68B)
Class com.google.common.io.FileWriteMode                                              : loaded 2 times (x 77B)
Class com.google.common.cache.RemovalListener                                         : loaded 2 times (x 68B)
Class org.gradle.api.internal.classpath.DefaultModuleRegistry                         : loaded 2 times (x 84B)
Class com.google.common.collect.FluentIterable$1                                      : loaded 2 times (x 79B)
Class com.google.common.collect.FluentIterable$2                                      : loaded 2 times (x 79B)
Class com.google.common.collect.FluentIterable$3                                      : loaded 2 times (x 79B)
Class Settings_gradle$1$1                                                             : loaded 2 times (x 72B)
Class com.google.common.collect.ImmutableEnumSet                                      : loaded 2 times (x 144B)
Class [Lcom.google.common.collect.MapMaker$Dummy;                                     : loaded 2 times (x 67B)
Class com.google.common.collect.ListMultimap                                          : loaded 2 times (x 68B)
Class com.google.common.base.CharMatcher$JavaDigit                                    : loaded 2 times (x 109B)
Class com.google.common.base.CharMatcher$Digit                                        : loaded 2 times (x 110B)
Class com.google.common.collect.AbstractMultimap                                      : loaded 2 times (x 121B)
Class com.google.common.io.ByteSource$ConcatenatedByteSource                          : loaded 2 times (x 83B)
Class com.google.common.cache.CacheBuilder$OneWeigher                                 : loaded 2 times (x 80B)
Class org.gradle.api.Action                                                           : loaded 2 times (x 68B)
Class com.google.common.io.ByteSource$SlicedByteSource                                : loaded 2 times (x 83B)
Class com.google.common.io.ByteArrayDataOutput                                        : loaded 2 times (x 68B)
Class com.google.common.collect.ImmutableEntry                                        : loaded 2 times (x 80B)
Class com.google.common.collect.Lists$StringAsImmutableList                           : loaded 2 times (x 167B)
Class com.google.common.collect.ImmutableMap$SerializedForm                           : loaded 2 times (x 71B)
Class com.google.common.cache.LocalCache$StrongEntry                                  : loaded 2 times (x 106B)
Class com.google.common.collect.MapMakerInternalMap$InternalEntryHelper               : loaded 2 times (x 68B)
Class org.objectweb.asm.FieldWriter                                                   : loaded 2 times (x 76B)
Class com.google.common.base.CharMatcher                                              : loaded 2 times (x 109B)
Class com.google.common.io.CharSource$AsByteSource                                    : loaded 2 times (x 83B)
Class com.google.common.base.CharMatcher$IsNot                                        : loaded 2 times (x 109B)
Class com.google.common.collect.RegularImmutableSortedSet                             : loaded 2 times (x 233B)
Class org.jetbrains.kotlin.config.MavenComparableVersion$IntegerItem                  : loaded 2 times (x 78B)
Class com.google.common.collect.Maps$IteratorBasedAbstractMap                         : loaded 2 times (x 123B)
Class com.google.common.collect.SetMultimap                                           : loaded 2 times (x 68B)
Class com.google.common.base.Splitter                                                 : loaded 2 times (x 70B)
Class [Lcom.google.common.cache.Weigher;                                              : loaded 2 times (x 67B)
Class com.google.common.collect.Iterators$ArrayItr                                    : loaded 2 times (x 95B)
Class com.google.common.collect.MapMakerInternalMap$Strength                          : loaded 2 times (x 78B)
Class com.google.common.cache.LocalCache$Segment                                      : loaded 2 times (x 152B)
Class org.gradle.api.internal.DefaultClassPathProvider                                : loaded 2 times (x 74B)
Class org.gradle.internal.installation.GradleInstallation$1                           : loaded 2 times (x 73B)
Class com.google.common.cache.LocalCache$AbstractReferenceEntry                       : loaded 2 times (x 105B)
Class org.objectweb.asm.Type                                                          : loaded 2 times (x 70B)
Class com.google.common.util.concurrent.AbstractFuture$Failure                        : loaded 2 times (x 70B)
Class com.google.common.base.CharMatcher$BitSetMatcher                                : loaded 2 times (x 110B)
Class com.google.common.collect.ImmutableMap$IteratorBasedImmutableMap                : loaded 2 times (x 123B)
Class com.google.common.io.Files$FileByteSource                                       : loaded 2 times (x 83B)
Class com.google.common.collect.ImmutableMap                                          : loaded 2 times (x 118B)
Class com.google.common.base.Converter                                                : loaded 2 times (x 88B)
Class com.google.common.collect.ImmutableSortedSetFauxverideShim                      : loaded 2 times (x 145B)
Class com.google.common.collect.ImmutableSet$EmptySetBuilderImpl                      : loaded 2 times (x 74B)
Class com.google.common.io.CharSource$ConcatenatedCharSource                          : loaded 2 times (x 84B)
Class com.google.common.base.Equivalence                                              : loaded 2 times (x 80B)
Class com.google.common.primitives.Ints                                               : loaded 2 times (x 69B)
Class com.google.common.cache.LocalCache$EntryFactory$1                               : loaded 2 times (x 81B)
Class com.google.common.cache.LocalCache$EntryFactory$2                               : loaded 2 times (x 81B)
Class com.google.common.cache.LocalCache$EntryFactory$3                               : loaded 2 times (x 81B)
Class com.google.common.cache.LocalCache$EntryFactory$4                               : loaded 2 times (x 81B)
Class com.google.common.cache.LocalCache$EntryFactory$5                               : loaded 2 times (x 81B)
Class com.google.common.cache.LocalCache$EntryFactory$6                               : loaded 2 times (x 81B)
Class com.google.common.cache.LocalCache$EntryFactory$7                               : loaded 2 times (x 81B)
Class com.google.common.cache.LocalCache$EntryFactory$8                               : loaded 2 times (x 81B)
Class com.google.common.base.Predicate                                                : loaded 2 times (x 68B)
Class com.google.common.cache.LocalCache$StrongValueReference                         : loaded 2 times (x 88B)
Class org.gradle.internal.classloader.FilteringClassLoader                            : loaded 2 times (x 103B)
Class com.google.common.collect.AbstractMapBasedMultimap$WrappedCollection            : loaded 2 times (x 122B)
Class com.google.common.collect.RegularImmutableSet                                   : loaded 2 times (x 146B)
Class [Lcom.google.common.cache.LocalCache$Strength;                                  : loaded 2 times (x 67B)
Class org.gradle.internal.classpath.DefaultClassPath$ImmutableUniqueList$Builder      : loaded 2 times (x 73B)
Class com.google.common.collect.AbstractRangeSet                                      : loaded 2 times (x 112B)
Class com.google.common.collect.Maps$8                                                : loaded 2 times (x 80B)
Class [Lcom.google.common.cache.CacheBuilder$NullListener;                            : loaded 2 times (x 67B)
Class com.google.common.base.PatternCompiler                                          : loaded 2 times (x 68B)
Class com.google.common.io.CharStreams$NullWriter                                     : loaded 2 times (x 97B)
Class com.google.common.base.CharMatcher$InRange                                      : loaded 2 times (x 109B)
Class com.google.common.collect.Maps$KeySet                                           : loaded 2 times (x 135B)
Class com.google.common.collect.ImmutableMultimap$EntryCollection                     : loaded 2 times (x 125B)
Class com.google.common.collect.Sets$SetView                                          : loaded 2 times (x 136B)
Class com.google.common.collect.BiMap                                                 : loaded 2 times (x 68B)
Class com.google.common.collect.Lists                                                 : loaded 2 times (x 69B)
Class org.objectweb.asm.AnnotationWriter                                              : loaded 2 times (x 77B)
Class com.google.common.math.IntMath$1                                                : loaded 2 times (x 69B)
Class org.gradle.internal.classloader.ClassLoaderVisitor                              : loaded 2 times (x 74B)
Class org.objectweb.asm.Label                                                         : loaded 2 times (x 71B)
Class com.google.common.cache.CacheBuilder$NullListener                               : loaded 2 times (x 80B)
Class com.google.common.collect.ImmutableMultimap                                     : loaded 2 times (x 145B)
Class com.google.common.math.MathPreconditions                                        : loaded 2 times (x 69B)
Class com.google.common.io.ByteStreams$1                                              : loaded 2 times (x 83B)
Class org.gradle.internal.service.DefaultServiceLocator                               : loaded 2 times (x 81B)
Class org.gradle.internal.service.UnknownServiceException                             : loaded 2 times (x 81B)
Class com.google.common.util.concurrent.AbstractFuture$SynchronizedHelper             : loaded 2 times (x 76B)
Class com.google.common.collect.ArrayListMultimap                                     : loaded 2 times (x 170B)
Class com.google.common.base.Strings                                                  : loaded 2 times (x 69B)
Class com.google.common.io.Closer                                                     : loaded 2 times (x 76B)
Class com.google.common.cache.CacheLoader$InvalidCacheLoadException                   : loaded 2 times (x 80B)
Class org.gradle.internal.classloader.DefaultClassLoaderFactory                       : loaded 2 times (x 80B)
Class com.google.common.collect.UnmodifiableIterator                                  : loaded 2 times (x 78B)
Class com.google.common.base.Stopwatch                                                : loaded 2 times (x 70B)
Class com.google.common.base.Platform$JdkPatternCompiler                              : loaded 2 times (x 73B)
Class com.google.common.collect.Interners$InternerImpl                                : loaded 2 times (x 73B)
Class com.google.common.cache.LocalCache$LoadingValueReference                        : loaded 2 times (x 94B)
Class com.google.common.base.CharMatcher$SingleWidth                                  : loaded 2 times (x 110B)
Class com.google.common.collect.Hashing                                               : loaded 2 times (x 69B)
Class com.google.common.io.ByteStreams$LimitedInputStream                             : loaded 2 times (x 90B)
Class com.google.common.collect.MapMakerInternalMap$AbstractStrongKeyEntry            : loaded 2 times (x 78B)
Class com.google.common.collect.ImmutableRangeSet$ComplementRanges                    : loaded 2 times (x 167B)
Class com.google.common.base.JdkPattern                                               : loaded 2 times (x 73B)
Class com.google.common.base.Optional                                                 : loaded 2 times (x 78B)
Class com.google.common.collect.Multimap                                              : loaded 2 times (x 68B)
Class com.google.common.base.FunctionalEquivalence                                    : loaded 2 times (x 81B)
Class org.objectweb.asm.AnnotationVisitor                                             : loaded 2 times (x 76B)
Class org.objectweb.asm.RecordComponentWriter                                         : loaded 2 times (x 76B)
Class com.google.common.cache.LocalCache$1                                            : loaded 2 times (x 87B)
Class com.google.common.cache.LocalCache$2                                            : loaded 2 times (x 140B)
Class com.google.common.collect.RegularImmutableBiMap                                 : loaded 2 times (x 146B)
Class org.gradle.internal.classloader.VisitableURLClassLoader$Spec                    : loaded 2 times (x 72B)
Class org.gradle.api.GradleException                                                  : loaded 2 times (x 80B)
Class com.google.common.base.CharMatcher$JavaLetterOrDigit                            : loaded 2 times (x 109B)
Class org.gradle.api.internal.classpath.ModuleRegistry                                : loaded 2 times (x 68B)
Class com.google.common.collect.ForwardingObject                                      : loaded 2 times (x 70B)
Class com.google.common.cache.CacheBuilder                                            : loaded 2 times (x 70B)
Class org.objectweb.asm.ByteVector                                                    : loaded 2 times (x 77B)
Class com.google.common.collect.ImmutableCollection                                   : loaded 2 times (x 123B)
Class com.google.common.collect.ImmutableRangeSet                                     : loaded 2 times (x 113B)
Class com.google.common.base.PairwiseEquivalence                                      : loaded 2 times (x 81B)
Class com.google.common.base.Ticker                                                   : loaded 2 times (x 70B)
Class org.gradle.api.internal.ClassPathProvider                                       : loaded 2 times (x 68B)
Class com.google.common.base.Ascii                                                    : loaded 2 times (x 69B)
Class com.google.common.collect.RegularImmutableMap$Values                            : loaded 2 times (x 167B)
Class org.objectweb.asm.ModuleWriter                                                  : loaded 2 times (x 80B)
Class org.gradle.internal.classloader.ClasspathUtil$1                                 : loaded 2 times (x 74B)
Class com.google.common.io.ByteSource$AsCharSource                                    : loaded 2 times (x 84B)
Class [Lcom.google.common.collect.MapMakerInternalMap$Segment;                        : loaded 2 times (x 67B)
Class com.google.common.collect.ImmutableEnumMap                                      : loaded 2 times (x 123B)
Class com.google.common.collect.ForwardingMap                                         : loaded 2 times (x 130B)
Class com.google.common.collect.ImmutableList$ReverseImmutableList                    : loaded 2 times (x 168B)
Class [Lorg.jetbrains.kotlin.utils.DescriptionAware;                                  : loaded 2 times (x 67B)
Class com.google.common.cache.AbstractCache$StatsCounter                              : loaded 2 times (x 68B)
Class org.objectweb.asm.FieldVisitor                                                  : loaded 2 times (x 75B)
Class org.objectweb.asm.Symbol                                                        : loaded 2 times (x 71B)
Class com.google.common.cache.LocalCache$Strength$1                                   : loaded 2 times (x 79B)
Class com.google.common.collect.EmptyImmutableListMultimap                            : loaded 2 times (x 174B)
Class com.google.common.cache.LocalCache$Strength$2                                   : loaded 2 times (x 79B)
Class com.google.common.cache.LocalCache$Strength$3                                   : loaded 2 times (x 79B)
Class org.gradle.internal.classloader.ClassLoaderFactory                              : loaded 2 times (x 68B)
Class com.google.common.collect.ObjectArrays                                          : loaded 2 times (x 69B)
Class com.google.common.base.Absent                                                   : loaded 2 times (x 78B)
Class com.google.common.util.concurrent.AbstractFuture$Waiter                         : loaded 2 times (x 70B)
Class com.google.common.util.concurrent.Uninterruptibles                              : loaded 2 times (x 69B)
Class com.google.common.collect.Iterators$10                                          : loaded 2 times (x 79B)
Class com.google.common.collect.Iterators$EmptyModifiableIterator                     : loaded 2 times (x 84B)
Class com.google.common.collect.ImmutableList                                         : loaded 2 times (x 166B)
Class org.gradle.api.internal.classpath.ManifestUtil                                  : loaded 2 times (x 69B)
Class org.gradle.api.specs.Spec                                                       : loaded 2 times (x 68B)
Class com.google.common.collect.RangeSet                                              : loaded 2 times (x 68B)
Class com.google.common.cache.CacheLoader$UnsupportedLoadingOperationException        : loaded 2 times (x 80B)
Class com.google.common.base.CharMatcher$Whitespace                                   : loaded 2 times (x 110B)
Class com.google.common.util.concurrent.ListenableFuture                              : loaded 2 times (x 68B)
Class com.google.common.collect.MapMaker$Dummy                                        : loaded 2 times (x 77B)
Class com.google.common.collect.Iterators$1                                           : loaded 2 times (x 79B)
Class com.google.common.collect.BaseImmutableMultimap                                 : loaded 2 times (x 121B)
Class com.google.common.collect.Iterators$4                                           : loaded 2 times (x 80B)
Class com.google.common.collect.RegularImmutableMap$BucketOverflowException           : loaded 2 times (x 80B)
Class com.google.common.collect.Iterators$5                                           : loaded 2 times (x 80B)
Class com.google.common.util.concurrent.AbstractFuture$UnsafeAtomicHelper             : loaded 2 times (x 76B)
Class com.google.common.base.Joiner                                                   : loaded 2 times (x 77B)
Class com.google.common.base.Equivalence$Equals                                       : loaded 2 times (x 80B)
Class com.google.common.base.Preconditions                                            : loaded 2 times (x 69B)
Class com.google.common.base.Function                                                 : loaded 2 times (x 68B)
Class com.google.common.collect.Iterators$9                                           : loaded 2 times (x 79B)
Class org.gradle.internal.IoActions                                                   : loaded 2 times (x 69B)
Class com.google.common.collect.MapMakerInternalMap$StrongKeyDummyValueEntry$Helper   : loaded 2 times (x 77B)
Class com.google.common.cache.ReferenceEntry                                          : loaded 2 times (x 68B)
Class com.google.common.collect.RegularImmutableMap$KeySet                            : loaded 2 times (x 148B)
Class com.google.common.collect.CollectPreconditions                                  : loaded 2 times (x 69B)
Class com.google.common.primitives.IntsMethodsForWeb                                  : loaded 2 times (x 69B)
Class com.google.common.collect.RangeGwtSerializationDependencies                     : loaded 2 times (x 69B)
Class com.google.common.collect.Maps                                                  : loaded 2 times (x 69B)
Class com.google.common.collect.RegularImmutableMap                                   : loaded 2 times (x 119B)
Class com.google.common.collect.AbstractIndexedListIterator                           : loaded 2 times (x 94B)
Class com.google.common.collect.ImmutableMultimap$Builder                             : loaded 2 times (x 81B)
Class com.google.common.base.CharMatcher$None                                         : loaded 2 times (x 110B)
Class org.gradle.api.internal.classpath.EffectiveClassPath                            : loaded 2 times (x 88B)
Class com.google.common.collect.UnmodifiableListIterator                              : loaded 2 times (x 93B)
Class com.google.common.io.Files                                                      : loaded 2 times (x 69B)
Class com.google.common.cache.CacheLoader$FunctionToCacheLoader                       : loaded 2 times (x 73B)
Class com.google.common.cache.CacheBuilder$1                                          : loaded 2 times (x 83B)
Class com.google.common.cache.CacheBuilder$2                                          : loaded 2 times (x 70B)
Class com.google.common.collect.ImmutableList$1                                       : loaded 2 times (x 95B)
Class com.google.common.base.Splitter$Strategy                                        : loaded 2 times (x 68B)
Class com.google.common.io.CharStreams                                                : loaded 2 times (x 69B)
Class com.google.common.collect.ImmutableMapEntrySet$RegularEntrySet                  : loaded 2 times (x 149B)
Class [Lcom.google.common.cache.RemovalListener;                                      : loaded 2 times (x 67B)
Class [Lcom.google.common.collect.ImmutableMapEntry;                                  : loaded 2 times (x 67B)
Class com.google.common.collect.Interners                                             : loaded 2 times (x 69B)
Class com.google.common.collect.MapMakerInternalMap$Strength$1                        : loaded 2 times (x 78B)
Class org.gradle.internal.installation.CurrentGradleInstallation                      : loaded 2 times (x 71B)
Class com.google.common.collect.MapMakerInternalMap$Strength$2                        : loaded 2 times (x 78B)
Class org.gradle.internal.agents.InstrumentingClassLoader                             : loaded 2 times (x 68B)
Class org.gradle.internal.installation.CurrentGradleInstallationLocator               : loaded 2 times (x 69B)
Class [Lcom.google.common.cache.LocalCache$Segment;                                   : loaded 2 times (x 67B)
Class org.gradle.api.internal.classpath.Module                                        : loaded 2 times (x 68B)
Class com.google.common.io.ByteSource$ByteArrayByteSource                             : loaded 2 times (x 83B)
Class com.google.common.collect.ImmutableSortedSet                                    : loaded 2 times (x 233B)
Class com.google.common.base.Splitter$1$1                                             : loaded 2 times (x 84B)
Class com.google.common.collect.MapMakerInternalMap$Segment                           : loaded 2 times (x 140B)
Class com.google.common.collect.ImmutableSet$JdkBackedSetBuilderImpl                  : loaded 2 times (x 74B)
Class [Lorg.jetbrains.kotlin.config.LanguageOrApiVersion;                             : loaded 2 times (x 67B)
Class com.google.common.collect.ImmutableSet$RegularSetBuilderImpl                    : loaded 2 times (x 75B)
Class [Lorg.objectweb.asm.AnnotationWriter;                                           : loaded 2 times (x 67B)
Class org.gradle.internal.service.CachingServiceLocator                               : loaded 2 times (x 80B)
Class [Lcom.google.common.collect.ImmutableEntry;                                     : loaded 2 times (x 67B)
Class com.google.common.collect.Sets$ImprovedAbstractSet                              : loaded 2 times (x 133B)
Class com.google.common.collect.AbstractMapBasedMultimap$AsMap                        : loaded 2 times (x 126B)
Class org.gradle.internal.classpath.DefaultClassPath                                  : loaded 2 times (x 88B)
Class com.google.common.collect.MapMakerInternalMap$1                                 : loaded 2 times (x 81B)
Class com.google.common.util.concurrent.AbstractFuture$SetFuture                      : loaded 2 times (x 73B)
Class com.google.common.collect.CollectCollectors                                     : loaded 2 times (x 69B)
Class com.google.common.collect.TransformedIterator                                   : loaded 2 times (x 78B)
Class com.google.common.base.Splitter$SplittingIterator                               : loaded 2 times (x 82B)
Class com.google.common.collect.ImmutableMultisetGwtSerializationDependencies         : loaded 2 times (x 123B)
Class com.google.common.collect.ImmutableListMultimap                                 : loaded 2 times (x 174B)
Class com.google.common.cache.LocalCache$LocalManualCache$1                           : loaded 2 times (x 73B)
Class org.gradle.internal.installation.GradleInstallation                             : loaded 2 times (x 73B)
Class [Lcom.google.common.collect.AbstractIterator$State;                             : loaded 2 times (x 67B)
Class org.objectweb.asm.SymbolTable$Entry                                             : loaded 2 times (x 72B)
Class [Lcom.google.common.cache.LocalCache$EntryFactory;                              : loaded 2 times (x 67B)
Class com.google.common.base.CharMatcher$Is                                           : loaded 2 times (x 109B)
Class com.google.common.base.Platform                                                 : loaded 2 times (x 69B)
Class com.google.common.collect.RegularImmutableAsList                                : loaded 2 times (x 176B)
Class com.google.common.base.Suppliers$NonSerializableMemoizingSupplier               : loaded 2 times (x 77B)
Class com.google.common.collect.PeekingIterator                                       : loaded 2 times (x 68B)
Class com.google.common.collect.ImmutableSetMultimap                                  : loaded 2 times (x 178B)
Class com.google.common.collect.ImmutableMapEntrySet                                  : loaded 2 times (x 149B)
Class com.google.common.cache.CacheLoader                                             : loaded 2 times (x 72B)
Class com.google.common.collect.ImmutableBiMapFauxverideShim                          : loaded 2 times (x 118B)
Class org.objectweb.asm.MethodTooLargeException                                       : loaded 2 times (x 81B)
Class com.google.common.cache.Cache                                                   : loaded 2 times (x 68B)
Class com.google.common.collect.Maps$EntrySet                                         : loaded 2 times (x 134B)
Class org.jetbrains.kotlin.config.ApiVersion                                          : loaded 2 times (x 84B)
Class org.gradle.internal.classloader.SystemClassLoaderSpec                           : loaded 2 times (x 69B)
Class com.google.common.io.LineBuffer                                                 : loaded 2 times (x 73B)
Class com.google.common.util.concurrent.internal.InternalFutureFailureAccess          : loaded 2 times (x 70B)
Class com.google.common.io.CharSource$StringCharSource                                : loaded 2 times (x 84B)
Class com.google.common.base.Charsets                                                 : loaded 2 times (x 69B)
Class org.jetbrains.kotlin.utils.DescriptionAware                                     : loaded 2 times (x 68B)
Class com.google.common.primitives.Ints$IntConverter                                  : loaded 2 times (x 88B)
Class com.google.common.collect.SingletonImmutableSet                                 : loaded 2 times (x 144B)
Class com.google.common.collect.Interners$InternerBuilder                             : loaded 2 times (x 74B)
Class [Lcom.google.common.base.AbstractIterator$State;                                : loaded 2 times (x 67B)
Class com.google.common.collect.ImmutableMap$Builder                                  : loaded 2 times (x 80B)
Class com.google.common.io.LineReader$1                                               : loaded 2 times (x 73B)
Class com.google.common.base.AbstractIterator                                         : loaded 2 times (x 78B)
Class org.objectweb.asm.ClassWriter                                                   : loaded 2 times (x 104B)
Class com.google.common.collect.Range                                                 : loaded 2 times (x 85B)
Class org.jetbrains.kotlin.config.LanguageVersion                                     : loaded 2 times (x 89B)
Class com.google.common.base.AbstractIterator$1                                       : loaded 2 times (x 69B)
Class org.jetbrains.kotlin.config.MavenComparableVersion$Item                         : loaded 2 times (x 68B)
Class [Lcom.google.common.cache.CacheBuilder$OneWeigher;                              : loaded 2 times (x 67B)
Class com.google.common.collect.Iterators                                             : loaded 2 times (x 69B)
Class com.google.common.base.CharMatcher$1                                            : loaded 2 times (x 111B)
Class com.google.common.base.CharMatcher$Ascii                                        : loaded 2 times (x 110B)
Class com.google.common.cache.LocalCache$ComputingValueReference                      : loaded 2 times (x 94B)
Class com.google.common.collect.ImmutableList$SerializedForm                          : loaded 2 times (x 71B)
Class org.gradle.api.UncheckedIOException                                             : loaded 2 times (x 80B)
Class com.google.common.base.CharMatcher$And                                          : loaded 2 times (x 110B)
Class com.google.common.io.Files$FileByteSink                                         : loaded 2 times (x 75B)
Class [Lcom.google.common.io.FileWriteMode;                                           : loaded 2 times (x 67B)
Class com.google.common.collect.IndexedImmutableSet                                   : loaded 2 times (x 148B)
Class com.google.common.base.ExtraObjectsMethodsForWeb                                : loaded 2 times (x 69B)
Class com.google.common.collect.IndexedImmutableSet$1                                 : loaded 2 times (x 172B)
Class com.google.common.collect.AbstractListMultimap                                  : loaded 2 times (x 170B)
Class com.google.common.base.CharMatcher$Any                                          : loaded 2 times (x 110B)
Class com.google.common.cache.LocalCache$WeakValueReference                           : loaded 2 times (x 95B)
Class com.google.common.cache.LocalCache$Strength                                     : loaded 2 times (x 79B)
Class com.google.common.collect.AbstractMapBasedMultimap$KeySet                       : loaded 2 times (x 135B)
Class com.google.common.collect.SortedIterable                                        : loaded 2 times (x 68B)
Class com.google.common.collect.ArrayListMultimapGwtSerializationDependencies         : loaded 2 times (x 170B)
Class com.google.common.base.CharMatcher$RangesMatcher                                : loaded 2 times (x 110B)
Class com.google.common.collect.AbstractMapBasedMultimap$RandomAccessWrappedList      : loaded 2 times (x 165B)
Class org.objectweb.asm.Handler                                                       : loaded 2 times (x 70B)
Class com.google.common.collect.ImmutableList$SubList                                 : loaded 2 times (x 168B)
Class com.google.common.cache.LocalCache$ValueReference                               : loaded 2 times (x 68B)
Class com.google.common.collect.CollectSpliterators                                   : loaded 2 times (x 69B)
Class com.google.common.io.Java8Compatibility                                         : loaded 2 times (x 69B)
Class org.gradle.internal.classloader.ClasspathUtil                                   : loaded 2 times (x 69B)
Class org.objectweb.asm.CurrentFrame                                                  : loaded 2 times (x 71B)
Class com.google.common.util.concurrent.AbstractFuture                                : loaded 2 times (x 93B)
Class com.google.common.base.Splitter$1                                               : loaded 2 times (x 75B)
Class com.google.common.collect.TransformedListIterator                               : loaded 2 times (x 91B)
Class com.google.common.base.Ticker$1                                                 : loaded 2 times (x 70B)
Class com.google.common.collect.Maps$BiMapConverter                                   : loaded 2 times (x 88B)
Class org.gradle.api.internal.DefaultClassPathRegistry                                : loaded 2 times (x 74B)
Class org.jetbrains.kotlin.config.LanguageOrApiVersion                                : loaded 2 times (x 68B)
Class com.google.common.collect.AbstractIterator$State                                : loaded 2 times (x 77B)
Class [Lorg.objectweb.asm.Symbol;                                                     : loaded 2 times (x 67B)
Class com.google.common.util.concurrent.AbstractFuture$Cancellation                   : loaded 2 times (x 70B)
Class com.google.common.collect.Interner                                              : loaded 2 times (x 68B)
Class com.google.common.collect.ImmutableSet$SetBuilderImpl                           : loaded 2 times (x 74B)
Class org.gradle.api.internal.classpath.DefaultModuleRegistry$DefaultModule           : loaded 2 times (x 84B)
Class com.google.common.io.LineReader                                                 : loaded 2 times (x 70B)
Class com.google.common.base.CharMatcher$JavaIsoControl                               : loaded 2 times (x 110B)
Class com.google.common.collect.ImmutableMap$1                                        : loaded 2 times (x 79B)
Class org.jetbrains.kotlin.config.ApiVersion$Companion                                : loaded 2 times (x 69B)
Class com.google.common.base.CharMatcher$Or                                           : loaded 2 times (x 110B)
Class org.gradle.kotlin.dsl.VersionCatalogAccessorsKt                                 : loaded 2 times (x 69B)
Class com.google.common.base.Suppliers$SupplierOfInstance                             : loaded 2 times (x 77B)
Class org.objectweb.asm.RecordComponentVisitor                                        : loaded 2 times (x 75B)
Class com.google.common.collect.Iterables                                             : loaded 2 times (x 69B)
Class com.google.common.base.CharMatcher$JavaLowerCase                                : loaded 2 times (x 109B)
Class org.objectweb.asm.ClassTooLargeException                                        : loaded 2 times (x 81B)
Class org.jetbrains.kotlin.config.LanguageVersion$Companion                           : loaded 2 times (x 69B)
Class org.gradle.api.internal.classpath.UnknownModuleException                        : loaded 2 times (x 80B)
Class com.google.common.collect.FluentIterable                                        : loaded 2 times (x 79B)
Class com.google.common.util.concurrent.AbstractFuture$Listener                       : loaded 2 times (x 70B)
Class com.google.common.collect.CollectSpliterators$1                                 : loaded 2 times (x 88B)
Class com.google.common.collect.MapMakerInternalMap$StrongKeyDummyValueEntry$LinkedStrongKeyDummyValueEntry: loaded 2 times (x 80B)
Class com.google.common.collect.Iterables$4                                           : loaded 2 times (x 79B)
Class org.objectweb.asm.Edge                                                          : loaded 2 times (x 70B)
Class com.google.common.collect.Maps$EntryTransformer                                 : loaded 2 times (x 68B)
Class com.google.common.collect.ImmutableCollection$Builder                           : loaded 2 times (x 74B)
Class com.google.common.io.ByteArrayDataInput                                         : loaded 2 times (x 68B)
Class [Lorg.objectweb.asm.SymbolTable$Entry;                                          : loaded 2 times (x 67B)
Class com.google.common.collect.SingletonImmutableBiMap                               : loaded 2 times (x 141B)
Class com.google.common.base.CommonPattern                                            : loaded 2 times (x 72B)
Class com.google.common.base.Suppliers$MemoizingSupplier                              : loaded 2 times (x 77B)
Class com.google.common.base.Suppliers                                                : loaded 2 times (x 69B)
Class [Lcom.google.common.collect.Iterators$EmptyModifiableIterator;                  : loaded 2 times (x 67B)
Class org.objectweb.asm.ClassVisitor                                                  : loaded 2 times (x 86B)
Class com.google.common.collect.MapMakerInternalMap$StrongKeyDummyValueEntry          : loaded 2 times (x 80B)
Class com.google.common.cache.LoadingCache                                            : loaded 2 times (x 68B)
Class org.gradle.internal.service.ServiceLookupException                              : loaded 2 times (x 80B)
Class com.google.common.collect.MapMakerInternalMap$StrongKeyDummyValueSegment        : loaded 2 times (x 140B)
Class org.gradle.cache.GlobalCache                                                    : loaded 2 times (x 68B)
Class com.google.common.base.Present                                                  : loaded 2 times (x 79B)
Class com.google.common.base.CharMatcher$NegatedFastMatcher                           : loaded 2 times (x 111B)
Class [Lorg.gradle.api.internal.ClassPathProvider;                                    : loaded 2 times (x 67B)
Class com.google.common.util.concurrent.AbstractFuture$SafeAtomicHelper               : loaded 2 times (x 77B)
Class com.google.common.collect.ImmutableMultimap$Values                              : loaded 2 times (x 124B)
Class org.gradle.util.internal.GUtil                                                  : loaded 2 times (x 69B)
Class com.google.common.math.IntMath                                                  : loaded 2 times (x 69B)
Class com.google.common.collect.AbstractIterator                                      : loaded 2 times (x 80B)
Class org.gradle.internal.classloader.ClassLoaderSpec                                 : loaded 2 times (x 69B)
Class com.google.common.io.LineProcessor                                              : loaded 2 times (x 68B)
Class com.google.common.base.NullnessCasts                                            : loaded 2 times (x 69B)
Class com.google.common.io.CharSink                                                   : loaded 2 times (x 77B)
Class org.objectweb.asm.Frame                                                         : loaded 2 times (x 71B)
Class com.google.common.cache.LocalCache$LocalManualCache                             : loaded 2 times (x 97B)
Class com.google.common.collect.AbstractMapEntry                                      : loaded 2 times (x 79B)
Class com.google.common.collect.ImmutableList$Builder                                 : loaded 2 times (x 75B)
Class com.google.common.base.CharMatcher$Negated                                      : loaded 2 times (x 111B)
Class com.google.common.cache.CacheLoader$1                                           : loaded 2 times (x 73B)
Class [Lcom.google.common.collect.MapMakerInternalMap$Strength;                       : loaded 2 times (x 67B)
Class com.google.common.util.concurrent.AbstractFuture$TrustedFuture                  : loaded 2 times (x 95B)
Class com.google.common.collect.MapMakerInternalMap$InternalEntry                     : loaded 2 times (x 68B)
Class com.google.common.collect.Maps$ViewCachingAbstractMap                           : loaded 2 times (x 123B)
Class com.google.common.collect.Sets                                                  : loaded 2 times (x 69B)
Class com.google.common.collect.ImmutableSet$Builder                                  : loaded 2 times (x 83B)
Class com.google.common.collect.MapMakerInternalMap                                   : loaded 2 times (x 159B)
Class com.google.common.base.CharMatcher$ForPredicate                                 : loaded 2 times (x 110B)
Class com.google.common.collect.ImmutableMap$MapViewOfValuesAsSingletonSets           : loaded 2 times (x 123B)
Class com.google.common.collect.ImmutableMapKeySet                                    : loaded 2 times (x 148B)
Class com.google.common.base.MoreObjects                                              : loaded 2 times (x 69B)
Class com.google.common.collect.SortedMapDifference                                   : loaded 2 times (x 68B)
Class org.objectweb.asm.SymbolTable                                                   : loaded 2 times (x 70B)
Class [Lorg.objectweb.asm.AnnotationVisitor;                                          : loaded 2 times (x 67B)
Class com.google.common.cache.CacheStats                                              : loaded 2 times (x 69B)
Class org.objectweb.asm.Attribute                                                     : loaded 2 times (x 75B)
Class org.gradle.internal.classloader.VisitableURLClassLoader                         : loaded 2 times (x 115B)
Class com.google.common.cache.LocalCache$LocalLoadingCache                            : loaded 2 times (x 132B)
Class com.google.common.io.CharSource$CharSequenceCharSource                          : loaded 2 times (x 84B)
Class com.google.common.base.Supplier                                                 : loaded 2 times (x 68B)
Class com.google.common.collect.ImmutableMultimap$Keys                                : loaded 2 times (x 164B)
Class com.google.common.base.Objects                                                  : loaded 2 times (x 69B)
Class com.google.common.util.concurrent.AbstractFuture$AtomicHelper                   : loaded 2 times (x 76B)
Class com.google.common.collect.ImmutableBiMap                                        : loaded 2 times (x 141B)
Class org.gradle.internal.Cast                                                        : loaded 2 times (x 69B)
Class com.google.common.hash.PrimitiveSink                                            : loaded 2 times (x 68B)
Class org.jetbrains.kotlin.config.MavenComparableVersion$ListItem                     : loaded 2 times (x 178B)
Class com.google.common.io.CharSource$EmptyCharSource                                 : loaded 2 times (x 84B)
Class org.gradle.api.internal.ClassPathRegistry                                       : loaded 2 times (x 68B)
Class com.google.common.cache.LocalCache$EntryFactory                                 : loaded 2 times (x 81B)
Class com.google.common.util.concurrent.UncheckedExecutionException                   : loaded 2 times (x 80B)
Class com.google.common.collect.ImmutableSet                                          : loaded 2 times (x 143B)
Class org.gradle.internal.classloader.VisitableURLClassLoader$InstrumentingVisitableURLClassLoader: loaded 2 times (x 121B)
Class org.gradle.internal.classloader.ClassLoaderHierarchy                            : loaded 2 times (x 68B)
Class com.google.common.io.Closer$Suppressor                                          : loaded 2 times (x 68B)
Class com.google.common.collect.AbstractMapBasedMultimap$WrappedList                  : loaded 2 times (x 165B)
Class [Lorg.objectweb.asm.Type;                                                       : loaded 2 times (x 67B)
Class com.google.common.collect.MapMakerInternalMap$WeakValueReference                : loaded 2 times (x 68B)
Class com.google.common.base.AbstractIterator$State                                   : loaded 2 times (x 77B)
Class com.google.common.cache.Weigher                                                 : loaded 2 times (x 68B)
Class com.google.common.collect.MapMakerInternalMap$StrongValueEntry                  : loaded 2 times (x 68B)
Class com.google.common.base.CharMatcher$NamedFastMatcher                             : loaded 2 times (x 110B)
Class org.gradle.internal.InternalTransformer                                         : loaded 2 times (x 68B)
Class org.gradle.internal.service.ServiceLocator                                      : loaded 2 times (x 68B)
Class Settings_gradle$1                                                               : loaded 2 times (x 72B)
Class org.jetbrains.kotlin.config.MavenComparableVersion                              : loaded 2 times (x 76B)
Class com.google.common.collect.ImmutableRangeSet$1                                   : loaded 2 times (x 169B)
Class com.google.common.util.concurrent.SettableFuture                                : loaded 2 times (x 95B)
Class com.google.common.io.Files$2                                                    : loaded 2 times (x 74B)
Class com.google.common.collect.ImmutableMapEntry                                     : loaded 2 times (x 83B)
Class com.google.common.io.ByteStreams                                                : loaded 2 times (x 69B)
Class com.google.common.base.CharMatcher$Invisible                                    : loaded 2 times (x 110B)
Class com.google.common.base.Joiner$1                                                 : loaded 2 times (x 78B)
Class com.google.common.collect.MapMaker                                              : loaded 2 times (x 70B)
Class com.google.common.base.Joiner$2                                                 : loaded 2 times (x 77B)
Class com.google.common.collect.ImmutableMultiset                                     : loaded 2 times (x 161B)
Class com.google.common.base.CharMatcher$FastMatcher                                  : loaded 2 times (x 109B)
Class [Lorg.jetbrains.kotlin.config.LanguageVersion;                                  : loaded 2 times (x 67B)
Class org.gradle.internal.classpath.DefaultClassPath$ImmutableUniqueList              : loaded 2 times (x 159B)
Class com.google.common.base.CharMatcher$JavaLetter                                   : loaded 2 times (x 109B)
Class com.google.common.collect.ImmutableMultimap$1                                   : loaded 2 times (x 80B)
Class com.google.common.collect.ImmutableMultimap$2                                   : loaded 2 times (x 79B)
Class org.gradle.internal.classpath.TransformedClassPath                              : loaded 2 times (x 94B)
Class com.google.common.collect.MapDifference                                         : loaded 2 times (x 68B)
Class com.google.common.io.ByteSource$EmptyByteSource                                 : loaded 2 times (x 83B)
Class com.google.common.collect.Sets$1                                                : loaded 2 times (x 137B)
Class com.google.common.collect.Sets$2                                                : loaded 2 times (x 137B)
Class com.google.common.util.concurrent.AbstractFuture$Trusted                        : loaded 2 times (x 68B)
Class com.google.common.collect.Sets$3                                                : loaded 2 times (x 137B)
Class com.google.common.graph.SuccessorsFunction                                      : loaded 2 times (x 68B)
Class com.google.common.collect.Sets$4                                                : loaded 2 times (x 137B)
Class Settings_gradle                                                                 : loaded 2 times (x 126B)
Class com.google.common.io.ByteSink                                                   : loaded 2 times (x 74B)
Class com.google.common.collect.AbstractMapBasedMultimap$WrappedCollection$WrappedIterator: loaded 2 times (x 82B)
Class org.objectweb.asm.MethodWriter                                                  : loaded 2 times (x 104B)
Class com.google.common.collect.Platform                                              : loaded 2 times (x 69B)
Class com.google.common.collect.ImmutableAsList                                       : loaded 2 times (x 169B)
Class com.google.common.util.concurrent.ExecutionError                                : loaded 2 times (x 80B)
Class com.google.common.io.ByteSink$AsCharSink                                        : loaded 2 times (x 78B)
Class com.google.common.base.Equivalence$Identity                                     : loaded 2 times (x 80B)
Class com.google.common.base.CharMatcher$AnyOf                                        : loaded 2 times (x 110B)
Class com.google.common.base.CharMatcher$IsEither                                     : loaded 2 times (x 109B)
Class com.google.common.collect.AbstractIterator$1                                    : loaded 2 times (x 69B)
Class com.google.common.io.CharSource                                                 : loaded 2 times (x 83B)
Class com.google.common.cache.LocalCache                                              : loaded 2 times (x 185B)
Class com.google.common.collect.ImmutableRangeSet$Builder                             : loaded 2 times (x 75B)
Class com.google.common.collect.RegularImmutableList                                  : loaded 2 times (x 172B)
Class com.google.common.util.concurrent.AbstractFuture$UnsafeAtomicHelper$1           : loaded 2 times (x 74B)
Class com.google.common.base.CharMatcher$JavaUpperCase                                : loaded 2 times (x 109B)
Class com.google.common.collect.Multiset                                              : loaded 2 times (x 68B)
Class com.google.common.collect.ImmutableSet$CachingAsList                            : loaded 2 times (x 145B)
Class org.objectweb.asm.MethodVisitor                                                 : loaded 2 times (x 103B)
Class com.google.common.collect.AbstractMapBasedMultimap$KeySet$1                     : loaded 2 times (x 80B)
Class com.google.common.collect.ImmutableMapEntry$NonTerminalImmutableMapEntry        : loaded 2 times (x 83B)
Class com.google.common.collect.AbstractMapBasedMultimap                              : loaded 2 times (x 137B)


---------------  S Y S T E M  ---------------

OS:
 Windows 11 , 64 bit Build 26100 (10.0.26100.7920)
OS uptime: 0 days 5:18 hours

CPU: total 4 (initial active 4) (2 cores per cpu, 2 threads per core) family 6 model 140 stepping 1 microcode 0x8a, cx8, cmov, fxsr, ht, mmx, 3dnowpref, sse, sse2, sse3, ssse3, sse4.1, sse4.2, popcnt, lzcnt, tsc, tscinvbit, avx, avx2, aes, erms, clmul, bmi1, bmi2, adx, avx512f, avx512dq, avx512cd, avx512bw, avx512vl, sha, fma, vzeroupper, avx512_vpopcntdq, avx512_vpclmulqdq, avx512_vaes, avx512_vnni, clflush, clflushopt, clwb, avx512_vbmi2, avx512_vbmi
Processor Information for all 4 processors :
  Max Mhz: 2995, Current Mhz: 2995, Mhz Limit: 2995

Memory: 4k page, system-wide physical 7991M (281M free)
TotalPageFile size 23351M (AvailPageFile size 68M)
current process WorkingSet (physical memory assigned to process): 504M, peak: 535M
current process commit charge ("private bytes"): 672M, peak: 746M

vm_info: OpenJDK 64-Bit Server VM (17.0.9+0--11185874) for windows-amd64 JRE (17.0.9+0--11185874), built on Dec  6 2023 18:57:44 by "androidbuild" with MS VC++ 16.10 / 16.11 (VS2019)

END.
